url	first_seen	portal	title	company	status
https://job-boards.greenhouse.io/postman/jobs/7607271003	2026-04-11	greenhouse_api	Senior Fullstack Engineer - Liblab	Postman	added
https://job-boards.greenhouse.io/postman/jobs/7574040003	2026-04-11	greenhouse_api	Senior Software Engineer (Fullstack) - Ecosystems	Postman	added
https://job-boards.greenhouse.io/postman/jobs/7419694003	2026-04-11	greenhouse_api	Senior Backend Engineer, Cloud Platform	Postman	added
https://job-boards.greenhouse.io/postman/jobs/7485114003	2026-04-11	greenhouse_api	Backend and System Engineer, Flows	Postman	added
https://job-boards.greenhouse.io/postman/jobs/6250410003	2026-04-11	greenhouse_api	Backend and System Engineer (nodeJS or Golang)	Postman	added
https://job-boards.greenhouse.io/postman/jobs/7680144003	2026-04-11	greenhouse_api	Software Engineer, Client Distribution	Postman	added
https://job-boards.greenhouse.io/postman/jobs/7574033003	2026-04-11	greenhouse_api	Software Engineer, Ecosystem	Postman	added
https://job-boards.greenhouse.io/postman/jobs/7687341003	2026-04-11	greenhouse_api	Software Engineer, IAM	Postman	added
https://boards.greenhouse.io/figma/jobs/5691911004	2026-04-11	greenhouse_api	Software Engineer, Full Stack	Figma	added
https://boards.greenhouse.io/figma/jobs/5692524004	2026-04-11	greenhouse_api	Software Engineer, Fullstack - Figma Weave	Figma	added
https://job-boards.greenhouse.io/vercel/jobs/5719796004	2026-04-11	greenhouse_api	Mobile Engineer	Vercel	added
https://job-boards.greenhouse.io/vercel/jobs/5430088004	2026-04-11	greenhouse_api	Software Engineer, Backend	Vercel	added
https://careers.duolingo.com/jobs/8215862002	2026-04-11	greenhouse_api	Senior Android Engineer	Duolingo	added
https://careers.duolingo.com/jobs/8453396002	2026-04-11	greenhouse_api	Senior Android Engineer, App Builds	Duolingo	added
https://careers.duolingo.com/jobs/8488912002	2026-04-11	greenhouse_api	Senior Software Engineer	Duolingo	added
https://job-boards.greenhouse.io/intercom/jobs/7276257	2026-04-11	greenhouse_api	Senior Full Stack Engineer - Team Web	Intercom	added
https://job-boards.greenhouse.io/intercom/jobs/7371932	2026-04-11	greenhouse_api	Senior Product Engineer	Intercom	added
https://job-boards.greenhouse.io/intercom/jobs/6810055	2026-04-11	greenhouse_api	Product Engineer	Intercom	added
https://job-boards.greenhouse.io/inmobi/jobs/7410173	2026-04-11	greenhouse_api	SDE II - Senior Engineer	InMobi	added
https://job-boards.greenhouse.io/inmobi/jobs/6741379	2026-04-11	greenhouse_api	SDE III	InMobi	added
https://job-boards.greenhouse.io/inmobi/jobs/7491392	2026-04-11	greenhouse_api	SDE II - AI	InMobi	added
https://job-boards.greenhouse.io/inmobi/jobs/7491475	2026-04-11	greenhouse_api	SDE III - AI	InMobi	added
https://job-boards.greenhouse.io/inmobi/jobs/6919206	2026-04-11	greenhouse_api	SDE IV - Backend	InMobi	added
https://jobs.ashbyhq.com/fullstory/4d634b4a-9a68-4b24-ae11-5c05cf4e582d	2026-04-11	ashby_websearch	Senior Mobile Engineer II	Fullstory	added
https://jobs.ashbyhq.com/tempo/55dd46d0-4492-4bd1-a627-e3f8b2cd0972	2026-04-11	ashby_websearch	Frontend Engineer (React Native)	Tempo	added
https://jobs.ashbyhq.com/rho/1739a5e6-75cf-427d-b63b-21a5166a6150	2026-04-11	ashby_websearch	React Native Engineer	Rho	added
https://jobs.ashbyhq.com/ello/08bc1446-06d4-4f28-be60-1f42ed95cbbc	2026-04-11	ashby_websearch	Senior Mobile Engineer (Flutter)	Ello	added
https://jobs.ashbyhq.com/supabase/5436c7ae-8254-4a28-9755-c5c39de5980b	2026-04-11	ashby_websearch	SDK Engineer - Flutter	Supabase	added
https://jobs.ashbyhq.com/privy/1f881b2f-6f7a-4852-b9fd-3838d2106f49	2026-04-11	ashby_websearch	React Native Engineer	Privy	added
https://jobs.ashbyhq.com/sosafe/7b6bebcb-2d55-4373-bb3c-650574d312b8	2026-04-11	ashby_websearch	Senior Fullstack Engineer - Typescript/React/Node	SoSafe	added
https://jobs.ashbyhq.com/sitemate/387b6a46-d81d-4d2d-b460-3c94631b96d8	2026-04-11	ashby_websearch	Senior Full Stack Engineer (React Native / Node.js)	Sitemate	added
https://jobs.ashbyhq.com/acorns/5c0c0052-e8ca-4a40-807a-f18a22ed4ba1	2026-04-11	ashby_websearch	Senior Android Engineer	Acorns	added
https://jobs.ashbyhq.com/pragmatike/d071f716-376b-4f44-9dae-84bf01c2834d	2026-04-11	ashby_websearch	Lead Android Engineer (EMEA Remote)	Pragmatike	added
https://jobs.ashbyhq.com/M-KOPA/0125c41d-d46b-4221-a4be-22a71b03b4a8	2026-04-11	ashby_websearch	Senior Android Engineer - Financial Inclusion	M-KOPA	added
https://job-boards.greenhouse.io/navtechnologies/jobs/5692790004	2026-04-11	greenhouse_websearch	Staff Mobile (Flutter) Engineer	Nav	added
https://job-boards.greenhouse.io/engine/jobs/7605638003	2026-04-11	greenhouse_websearch	Principal Mobile Engineer, React Native	Engine	added
https://job-boards.greenhouse.io/clariticloudinc/jobs/7536593003	2026-04-11	greenhouse_websearch	Senior React Native Engineer (Mobile)	Clariti Cloud	added
https://job-boards.greenhouse.io/amplitude/jobs/8112921002	2026-04-11	greenhouse_websearch	Senior Software Engineer, React Native	Amplitude	added
https://job-boards.greenhouse.io/phonepe/jobs/7623855003	2026-04-11	greenhouse_websearch	Software Engineer: React Native	PhonePe	added
https://job-boards.greenhouse.io/gitlab/jobs/8452278002	2026-04-11	greenhouse_websearch	Senior Fullstack Engineer (TypeScript), AI Engineering	GitLab	added
https://job-boards.greenhouse.io/stackblitz/jobs/4005468009	2026-04-11	greenhouse_websearch	Senior Full Stack Engineer	Bolt.new	added
https://job-boards.greenhouse.io/oura/jobs/4024429009	2026-04-11	greenhouse_websearch	Senior Android Engineer	Ōura	added
https://job-boards.greenhouse.io/xapo61/jobs/7575864003	2026-04-11	greenhouse_websearch	Android Developer (Remote)	Xapo Bank	added
https://job-boards.greenhouse.io/honor/jobs/8182719002	2026-04-11	greenhouse_websearch	Senior Software Engineer, Android + Backend	Honor	added
https://job-boards.greenhouse.io/grafanalabs/jobs/5800234004	2026-04-11	greenhouse_websearch	Staff Mobile Engineer, Instrumentation SDK	Grafana Labs	added
https://jobs.lever.co/fullscript/fc05cf1a-5b10-4731-9543-a3e0a070e691	2026-04-11	lever_websearch	Senior React Native Engineer, Mobile	Fullscript	added
https://jobs.lever.co/applydigital/fb300b0e-ccfd-4e55-8857-9c0f66ebf55f	2026-04-11	lever_websearch	Staff Engineer - Mobile (React Native)	Apply Digital	added
https://jobs.lever.co/owner/6064ac48-76a2-49e5-b831-b5b9b46bf859	2026-04-11	lever_websearch	Senior/Staff Software Engineer, Mobile (React Native)	Owner	added
https://wellfound.com/jobs/1743986-senior-mobile-flutter-engineer	2026-04-11	wellfound_websearch	Senior Mobile (Flutter) Engineer	Blankfactor	added
https://wellfound.com/jobs/3279550-senior-react-native-developer	2026-04-11	wellfound_websearch	Senior React Native Developer	Ipsator	added
https://www.workatastartup.com/jobs/73172	2026-04-11	yc_websearch	Full-Stack Engineer (Mobile React Native / Product)	Dex	added
https://www.workatastartup.com/jobs/67828	2026-04-11	yc_websearch	Senior/Lead Mobile Engineer (Android + React Native)	SuperKalam	added
https://himalayas.app/companies/pearl-talent/jobs/full-stack-mobile-developer-flutter-firebase-us-based-company	2026-04-11	himalayas_websearch	Full Stack Mobile Developer - Flutter & Firebase	Pearl Talent	added
https://himalayas.app/companies/flatgigs/jobs/senior-mobile-developer-iot-react-native-specialist	2026-04-11	himalayas_websearch	Senior Mobile Developer (IoT & React Native Specialist)	Flatgigs	added
https://www.instahyre.com/job-303601-senior-mobile-engineer-flutter-at-highlevel-work-from-home/	2026-04-11	instahyre_websearch	Senior Mobile Engineer (Flutter)	HighLevel	added
https://www.instahyre.com/job-269873-senior-flutter-developer-at-tensorblue-bangalore/	2026-04-11	instahyre_websearch	Senior Flutter Developer	Tensorblue	added
https://cutshort.io/job/Senior-Full-Stack-Engineer-React-Native-Bengaluru-Bangalore-Hyderabad-Chennai-Kochi-Cochin-Softway-sJWEsrNd	2026-04-11	cutshort_websearch	Senior Full Stack Engineer (React Native)	Softway	added
https://job-boards.greenhouse.io/inthepocket/jobs/7139507	2026-04-11	greenhouse_websearch	Mobile Engineer (Flutter)	In The Pocket	added
https://job-boards.greenhouse.io/fueledcareers/jobs/5134378008	2026-04-11	greenhouse_websearch	Senior React Native Engineer	Fueled	added
https://job-boards.greenhouse.io/valtech/jobs/4723986101	2026-04-11	greenhouse_websearch	Flutter Engineer	Valtech	added
https://job-boards.greenhouse.io/emergentlabsinc/jobs/4060433009	2026-04-11	greenhouse_websearch	Mobile Developer	Emergent Labs	added
https://job-boards.greenhouse.io/xealth/jobs/7517649003	2026-04-11	greenhouse_websearch	Senior Software Engineer Full Stack (TypeScript React AWS)	Xealth	added
https://job-boards.greenhouse.io/knock/jobs/5745759004	2026-04-11	greenhouse_websearch	Senior Full Stack Software Engineer	Knock	added
https://job-boards.greenhouse.io/wizardcommerce/jobs/5650793004	2026-04-11	greenhouse_websearch	Senior Software Engineer - Fullstack (Node.js + React)	Wizard	added
https://job-boards.greenhouse.io/calendly/jobs/8390060002	2026-04-11	greenhouse_websearch	Senior Full Stack Engineer Meeting Intelligence	Calendly	added
https://job-boards.greenhouse.io/zenoti/jobs/6913142003	2026-04-11	greenhouse_websearch	Senior Software Engineer - Frontend Web Mobile Flutter	Zenoti	added
https://job-boards.greenhouse.io/hs/jobs/7206177	2026-04-11	greenhouse_websearch	Senior Software Engineer Flutter	Headspace	added
https://job-boards.greenhouse.io/degreed/jobs/5623000004	2026-04-11	greenhouse_websearch	Senior Flutter Developer	Degreed	added
https://job-boards.greenhouse.io/beaconbiosignals/jobs/4043671009	2026-04-11	greenhouse_websearch	Senior Mobile App Engineer (React Native)	Beacon Biosignals	added
https://job-boards.greenhouse.io/leagueinc/jobs/5838396004	2026-04-11	greenhouse_websearch	Senior Software Engineer Android (Multistack/AI-Native)	League	added
https://job-boards.greenhouse.io/robinhood/jobs/7383820	2026-04-11	greenhouse_websearch	Senior Android Engineer Frontend Platform	Robinhood	added
https://job-boards.greenhouse.io/privateidentity/jobs/4055699009	2026-04-11	greenhouse_websearch	Senior Android/Kotlin Engineer	Private Identity	added
https://job-boards.greenhouse.io/hungryroot/jobs/5674489004	2026-04-11	greenhouse_websearch	Senior Software Engineer Android	Hungryroot	added
https://careers.duolingo.com/jobs/8217266002	2026-04-11	greenhouse_api	Senior Android Engineer	Duolingo	added
https://jobs.ashbyhq.com/spruceid/c92f47d1-2c2e-4388-af4d-977c2ab1121a	2026-04-11	ashby_websearch	Mobile Engineer Digital Identity	Spruce Systems	added
https://jobs.ashbyhq.com/rilla/a48fe94a-63a8-442b-9da5-25a3f36f0a94	2026-04-11	ashby_websearch	Senior Software Engineer - Mobile/React Native	Rilla	added
https://jobs.ashbyhq.com/abridge/1235179f-c64a-4a91-9816-53c2aa4052ac	2026-04-11	ashby_websearch	Senior Mobile Engineer - React Native	Abridge	added
https://jobs.ashbyhq.com/wispr-flow/1dc4f5fb-b01c-4728-a9bc-4c7d92cf17b9	2026-04-11	ashby_websearch	Senior / Staff Android Engineer	Wispr Flow	added
https://jobs.ashbyhq.com/Playbook/b02e76ac-9d70-41ca-9769-0e073c44796e	2026-04-11	ashby_websearch	Senior Fullstack Engineer (ReactJS / Node.js)	Playbook	added
https://jobs.ashbyhq.com/coactive/38ed80d7-41dc-407a-9a22-7179331a408b	2026-04-11	ashby_websearch	Senior Full Stack Engineer	Coactive AI	added
https://jobs.ashbyhq.com/solace/019c9ce5-4053-4f5b-a639-d75a9e862c56	2026-04-11	ashby_websearch	Senior Full Stack Engineer	Solace	added
https://jobs.ashbyhq.com/cosuno/424ba681-0989-4961-82ad-10286e4aae71	2026-04-11	ashby_websearch	Senior Full Stack Developer (TypeScript)	Cosuno	added
https://jobs.lever.co/Fliff/b8c2d1e7-1104-44c8-a4c2-350e1ca5a7d2	2026-04-11	lever_websearch	Senior React Native Engineer	Fliff	added
https://jobs.lever.co/sprucesystems/8837a509-5d40-46b6-a959-45e9f4f6272d	2026-04-11	lever_websearch	Senior Forward Deployed Engineer Mobile	Spruce	added
https://jobs.lever.co/mattermost/4ccd166b-76d8-4b6d-970a-0bc293f68872	2026-04-11	lever_websearch	React Native Engineer (Mobile Platform Team)	Mattermost	added
https://jobs.lever.co/padsplit/91e1df82-5c61-4492-b7ea-fde81bc99b07	2026-04-11	lever_websearch	Senior Mobile Engineer (React Native)	PadSplit	added
https://jobs.lever.co/xsolla/fe065e86-bf17-4d50-b630-c7b375c4edb5	2026-04-11	lever_websearch	Senior Mobile Software Engineer	Xsolla	added
https://jobs.lever.co/jobgether/7696a0d0-87cb-43bc-afee-cde1f17e31f5	2026-04-11	lever_websearch	Mobile Engineer (Remote from India)	Jobgether	added
https://jobs.lever.co/smart-working-solutions/156f17c2-c57b-4351-a464-e2a7836e1c77	2026-04-11	lever_websearch	Senior React Native Mobile App Developer	Smart Working Solutions	added
https://himalayas.app/companies/digitalforms/jobs/mobile-developer-react-native	2026-04-11	himalayas_websearch	Mobile Developer (React Native)	Digital Forms	added
https://himalayas.app/companies/in-the-pocket/jobs/mobile-engineer-flutter-2655001092	2026-04-11	himalayas_websearch	Mobile Engineer (Flutter)	In The Pocket	added
https://himalayas.app/companies/fliff/jobs/react-native-engineer-ii-2986104108	2026-04-11	himalayas_websearch	React Native Engineer II	Fliff	added
https://himalayas.app/companies/plain-concepts/jobs/senior-mobile-developer-flutter	2026-04-11	himalayas_websearch	Senior Mobile Developer (Flutter)	Plain Concepts	added
https://himalayas.app/companies/apricot/jobs/senior-flutter-developer	2026-04-11	himalayas_websearch	Senior Flutter Developer	Apricot	added
https://weworkremotely.com/remote-jobs/appy-ventures-flutter-or-react-native-developer	2026-04-11	weworkremotely_websearch	Flutter or React Native Developer	Appy Ventures	added
https://weworkremotely.com/remote-jobs/ridr-gmbh-fullstack-engineer-react-native-convex	2026-04-11	weworkremotely_websearch	Fullstack Engineer (React Native / Convex)	RIDR GmbH	added
https://remotive.com/remote/jobs/software-development/senior-engineer-react-native-4067849	2026-04-11	remotive_websearch	Senior Engineer - React Native	Discogs	added
https://remotive.com/remote/jobs/software-development/mobile-engineer-react-native-4135345	2026-04-11	remotive_websearch	Mobile Engineer - React Native	Holepunch	added
https://www.instahyre.com/job-351845-fullstack-developer-mobile-at-sciometrix-work-from-home/	2026-04-11	instahyre_websearch	Fullstack Developer - Mobile	Sciometrix	added
https://www.instahyre.com/job-41446-senior-software-engineer-mobile-react-native-at-rippling-bangalore/	2026-04-11	instahyre_websearch	Senior Software Engineer - Mobile React Native	Rippling	added
https://ats.rippling.com/rippling/jobs/c16eb5f7-5848-4f66-9be8-1a8d0a0dd084	2026-04-11	rippling_direct	Senior Software Engineer - React Native	Rippling	added
https://ats.rippling.com/rippling/jobs/c944ef44-5428-43f4-bb7d-083475a13086	2026-04-11	rippling_direct	Senior Mobile Engineer - React Native	Rippling	added
https://www.workatastartup.com/jobs/70301	2026-04-11	yc_websearch	Software Engineer React Native (Mobile)	Bree	added
https://wellfound.com/jobs/3701526-senior-full-stack-engineer-node-js-nestjs-ai-first	2026-04-11	wellfound_websearch	Senior Full-Stack Engineer (Node.js / NestJS AI-First)	Flow	added
https://job-boards.greenhouse.io/postman/jobs/7545584003	2026-04-13	greenhouse_api	Senior Software Engineer - Client SDK (UI Platform)	Postman	added
https://job-boards.greenhouse.io/postman/jobs/7627390003	2026-04-13	greenhouse_api	Senior Software Engineer, Ecosystem	Postman	added
https://job-boards.greenhouse.io/postman/jobs/7668642003	2026-04-13	greenhouse_api	Senior Software Engineer – Test Infrastructure	Postman	added
https://boards.greenhouse.io/figma/jobs/5692525004	2026-04-13	greenhouse_api	Software Engineer, Backend - Figma Weave (Tel Aviv)	Figma	added
https://boards.greenhouse.io/figma/jobs/5759501004	2026-04-13	greenhouse_api	Software Engineer, Code Platform	Figma	added
https://boards.greenhouse.io/figma/jobs/5552560004	2026-04-13	greenhouse_api	Software Engineer, Growth & Monetization	Figma	added
https://boards.greenhouse.io/figma/jobs/5790627004	2026-04-13	greenhouse_api	Software Engineer, Developer Experience	Figma	added
https://job-boards.greenhouse.io/vercel/jobs/5431123004	2026-04-13	greenhouse_api	Software Engineer, Backend	Vercel	added
https://job-boards.greenhouse.io/vercel/jobs/5808568004	2026-04-13	greenhouse_api	Software Engineer, Dashboard	Vercel	added
https://job-boards.greenhouse.io/vercel/jobs/5613601004	2026-04-13	greenhouse_api	Software Engineer, Growth	Vercel	added
https://job-boards.greenhouse.io/vercel/jobs/5704320004	2026-04-13	greenhouse_api	Software Engineer, Agent	Vercel	added
https://job-boards.greenhouse.io/vercel/jobs/5474915004	2026-04-13	greenhouse_api	Software Engineer, AI SDK	Vercel	added
https://job-boards.greenhouse.io/vercel/jobs/5798406004	2026-04-13	greenhouse_api	Software Engineer, AI Gateway	Vercel	added
https://job-boards.greenhouse.io/vercel/jobs/5798416004	2026-04-13	greenhouse_api	Software Engineer, Workflows	Vercel	added
https://job-boards.greenhouse.io/vercel/jobs/5813134004	2026-04-13	greenhouse_api	Software Engineer, Domains	Vercel	added
https://careers.duolingo.com/jobs/8445379002	2026-04-13	greenhouse_api	Senior Software Engineer, Chess	Duolingo	added
https://careers.duolingo.com/jobs/8489365002	2026-04-13	greenhouse_api	Staff Software Engineer	Duolingo	added
https://boards.greenhouse.io/descript/jobs/7499700003	2026-04-13	greenhouse_api	Senior Software Engineer, Agent	Descript	added
https://boards.greenhouse.io/descript/jobs/7580335003	2026-04-13	greenhouse_api	Senior Software Engineer, AI Platform and Enablement	Descript	added
https://boards.greenhouse.io/descript/jobs/7668317003	2026-04-13	greenhouse_api	Senior Software Engineer, Client Platform	Descript	added
https://boards.greenhouse.io/descript/jobs/7683752003	2026-04-13	greenhouse_api	Senior Software Engineer, Growth	Descript	added
https://boards.greenhouse.io/descript/jobs/7449735003	2026-04-13	greenhouse_api	Software Engineer, Editor	Descript	added
https://job-boards.greenhouse.io/intercom/jobs/7274831	2026-04-13	greenhouse_api	Senior Full Stack Engineer - Team Web	Intercom	added
https://job-boards.greenhouse.io/intercom/jobs/7371924	2026-04-13	greenhouse_api	Senior Product Engineer, AI	Intercom	added
https://job-boards.greenhouse.io/intercom/jobs/7382846	2026-04-13	greenhouse_api	Senior Product Engineer, AI Platform	Intercom	added
https://jobs.ashbyhq.com/fullstory/6491c517-3a3e-43f3-87b3-dd992e457a2e	2026-04-13	ashby_websearch	Senior Manager, Mobile Engineering	Fullstory	added
https://jobs.ashbyhq.com/bjakcareer/e6214c51-20d8-4b6a-ba4c-61f5516a0c0f	2026-04-13	ashby_websearch	Mobile App Developer (Flutter / React Native)	Bjak	added
https://jobs.ashbyhq.com/backpack/1f99261f-0d1d-47e4-8db7-8afd10d722f6	2026-04-13	ashby_websearch	Mobile Engineer (React Native)	Backpack	added
https://jobs.ashbyhq.com/ruby-labs/424f41d1-8e51-4e87-bc3b-776923226d15	2026-04-13	ashby_websearch	Senior Full Stack Developer (NextJS / NestJS)	Ruby Labs	added
https://jobs.ashbyhq.com/truelogic/fb485ff3-a4f8-436b-8ba4-c80b45214614	2026-04-13	ashby_websearch	Senior Full-Stack Engineer (Next.js / TypeScript / Node.js)	Truelogic	added
https://jobs.ashbyhq.com/windranger/4a6ce867-ac8b-4544-be6c-b2acc616b2a8	2026-04-13	ashby_websearch	Senior Fullstack Engineer	Windranger Labs	added
https://jobs.ashbyhq.com/thirstysprout/b6f9c767-0940-461f-bb79-a07ab3221cac	2026-04-13	ashby_websearch	Senior Fullstack Engineer (Vue, TypeScript)	ThirstySprout	added
https://jobs.ashbyhq.com/OnHires/2a91f0f7-a7d1-4d50-8caf-bcb7a72f42ef	2026-04-13	ashby_websearch	Senior Fullstack (Node.js + React.js)	OnHires	added
https://jobs.ashbyhq.com/dynamic/f55b3ddb-5dd6-480e-ae39-c823dfff3de5	2026-04-13	ashby_websearch	Senior Fullstack Software Engineer	Dynamic	added
https://job-boards.greenhouse.io/canonicaljobs/jobs/7131504	2026-04-13	greenhouse_websearch	Web Frontend Engineer - JS, CSS, React, Flutter	Canonical	added
https://job-boards.greenhouse.io/renewedvision/jobs/5142014008	2026-04-13	greenhouse_websearch	Software Engineer — React / Next.js / React Native	Renewed Vision	added
https://job-boards.greenhouse.io/privateidentity/jobs/4010169009	2026-04-13	greenhouse_websearch	Senior Android / Kotlin Developer	Private Identity	added
https://job-boards.greenhouse.io/valtech/jobs/4790501101	2026-04-13	greenhouse_websearch	Freelance Lead Mobile Developer (Kotlin Multiplatform)	Valtech	added
https://job-boards.greenhouse.io/reddit/jobs/6763397	2026-04-13	greenhouse_websearch	Senior Software Engineer, Android Test Engineering	Reddit	added
https://job-boards.greenhouse.io/easygo/jobs/4937485007	2026-04-13	greenhouse_websearch	Senior Mobile Engineer (Android)	Easygo	added
https://jobs.lever.co/brillio-2/545210ab-e0cf-4a0e-9dd9-0a79230c96d3	2026-04-13	lever_websearch	React Native Mobile FullStack Developer	Brillio	added
https://jobs.lever.co/sprucesystems/b6ed1d39-d3e4-454f-8d8c-a5a65d64651f	2026-04-13	lever_websearch	Full-Stack Software Engineer (Remote)	Spruce	added
https://jobs.lever.co/Fliff/5da9855b-90e2-4482-bf2c-6187e2431e4d	2026-04-13	lever_websearch	React Native Engineer II	Fliff	added
https://jobs.lever.co/smart-working-solutions/edb25c79-8a30-4b3f-8c77-5c72915c346b	2026-04-13	lever_websearch	Senior Full Stack Engineer (Clojure, React Native, TypeScript)	Smart Working Solutions	added
https://jobs.lever.co/FlatironsDevelopment/27149367-7e6d-4141-a9c6-e5a99e30dce8	2026-04-13	lever_websearch	Senior React Native Developer (Remote, LATAM)	Flatirons	added
https://www.workatastartup.com/jobs/60293	2026-04-13	yc_websearch	Mobile App Developer - React Native	Popl	added
https://www.workatastartup.com/jobs/71011	2026-04-13	yc_websearch	React Native Developer	Per Diem	added
https://himalayas.app/companies/jobgether/jobs/mobile-app-developer-flutter-latam	2026-04-13	himalayas_websearch	Mobile App Developer (Flutter) — LATAM Remote	Jobgether	added
https://weworkremotely.com/remote-jobs/fullstack-react-native-engineer-1	2026-04-13	weworkremotely_websearch	FullStack React Native Engineer	WeWorkRemotely	added
https://weworkremotely.com/remote-jobs/co-create-senior-full-stack-engineer-react-native	2026-04-13	weworkremotely_websearch	Senior Full Stack Engineer (React Native)	Co:Create	added
https://weworkremotely.com/remote-jobs/lofty-senior-react-native-developer	2026-04-13	weworkremotely_websearch	Senior React Native Developer	Lofty	added
https://weworkremotely.com/listings/pronto-pilates-pty-ltd-react-native-full-stack-developer	2026-04-13	weworkremotely_websearch	React Native Full Stack Developer	Pronto Pilates	added
https://weworkremotely.com/listings/genius-senior-full-stack-engineer	2026-04-13	weworkremotely_websearch	Senior Full-Stack Engineer	Genius	added
https://weworkremotely.com/remote-jobs/g2i-inc-fullstack-developer-react-react-native-node-js-remote	2026-04-13	weworkremotely_websearch	Fullstack Developer (React, React Native, Node.js)	G2i	added
https://remotive.com/remote/jobs/software-development/senior-software-development-engineer-full-stack-4231355	2026-04-13	remotive_websearch	Senior Software Development Engineer - Full Stack	Jobgether	added
https://remotive.com/remote/jobs/software-development/mobile-developer-4021023	2026-04-13	remotive_websearch	Mobile Developer	Herbalife	added
https://remotive.com/remote/jobs/software-development/mobile-developer-4283857	2026-04-13	remotive_websearch	Mobile Developer	Robusta	added
https://remotive.com/remote/jobs/software-development/react-native-developer-4089237	2026-04-13	remotive_websearch	React Native Developer	LG Electronics	added
https://remotive.com/remote/jobs/software-development/react-native-engineer-3895617	2026-04-13	remotive_websearch	React Native Engineer	Kellton Europe	added
https://remotive.com/remote/jobs/software-dev/mobile-react-native-developer-2573691	2026-04-13	remotive_websearch	Mobile React Native Developer	INNOCV Solutions	added
https://remotive.com/remote/jobs/software-dev/react-native-developer-2605271	2026-04-13	remotive_websearch	React Native Developer	ProTalent Recruiters	added
https://remotive.com/remote/jobs/software-development/react-native-developer-3566482	2026-04-13	remotive_websearch	React Native Developer	Bright Vision Technologies	added
https://job-boards.greenhouse.io/inmobi/jobs/7810952	2026-04-19	greenhouse_api	SDE III - CDR | Lucknow	InMobi	added
https://job-boards.greenhouse.io/inmobi/jobs/7405246	2026-04-19	greenhouse_api	SDE II - Salesforce	InMobi	skipped_title
https://job-boards.greenhouse.io/inmobi/jobs/7589107	2026-04-19	greenhouse_api	SDET 2	InMobi	skipped_title
https://job-boards.greenhouse.io/postman/jobs/7703523003	2026-04-19	greenhouse_api	Senior Software Engineer, Monetization	Postman	added
https://boards.greenhouse.io/figma/jobs/5691886004	2026-04-19	greenhouse_api	Software Engineer, AI Platforms	Figma	added
https://boards.greenhouse.io/figma/jobs/5551730004	2026-04-19	greenhouse_api	Software Engineer, AI Product	Figma	added
https://boards.greenhouse.io/figma/jobs/5551697004	2026-04-19	greenhouse_api	Software Engineer, AI Product (London)	Figma	added
https://boards.greenhouse.io/figma/jobs/5552530004	2026-04-19	greenhouse_api	Software Engineer, C++	Figma	skipped_title
https://boards.greenhouse.io/figma/jobs/5551686004	2026-04-19	greenhouse_api	Software Engineer, Data Infrastructure	Figma	skipped_title
https://boards.greenhouse.io/figma/jobs/5552549004	2026-04-19	greenhouse_api	Software Engineer, Distributed Systems	Figma	skipped_title
https://boards.greenhouse.io/figma/jobs/5552522004	2026-04-19	greenhouse_api	Software Engineer, Graphics & Media	Figma	added
https://boards.greenhouse.io/figma/jobs/5551532004	2026-04-19	greenhouse_api	Software Engineer, Machine Learning	Figma	skipped_title
https://boards.greenhouse.io/figma/jobs/5551649004	2026-04-19	greenhouse_api	Software Engineer, Production Engineering	Figma	skipped_title
https://boards.greenhouse.io/figma/jobs/5781928004	2026-04-19	greenhouse_api	Software Engineer, Production Engineering (London)	Figma	skipped_title
https://job-boards.greenhouse.io/vercel/jobs/5788954004	2026-04-19	greenhouse_api	Senior Software Engineer, Trust & Safety	Vercel	added
https://job-boards.greenhouse.io/vercel/jobs/5704321004	2026-04-19	greenhouse_api	Software Engineer, Agent	Vercel	added
https://job-boards.greenhouse.io/vercel/jobs/5179639004	2026-04-19	greenhouse_api	Software Engineer, CDN	Vercel	skipped_title
https://job-boards.greenhouse.io/vercel/jobs/5473266004	2026-04-19	greenhouse_api	Software Engineer, CDN Security	Vercel	skipped_title
https://job-boards.greenhouse.io/vercel/jobs/5551619004	2026-04-19	greenhouse_api	Software Engineer, Compute	Vercel	skipped_title
https://job-boards.greenhouse.io/vercel/jobs/5633880004	2026-04-19	greenhouse_api	Software Engineer, Deployment Infrastructure	Vercel	skipped_title
https://job-boards.greenhouse.io/vercel/jobs/5661583004	2026-04-19	greenhouse_api	Software Engineer, Lua	Vercel	skipped_title
https://careers.duolingo.com/jobs/8318257002	2026-04-19	greenhouse_api	Senior iOS Software Engineer	Duolingo	added
https://careers.duolingo.com/jobs/8393272002	2026-04-19	greenhouse_api	Senior iOS Software Engineer	Duolingo	added
https://job-boards.greenhouse.io/intercom/jobs/7556413	2026-04-19	greenhouse_api	Forward Deployed Software Engineer	Intercom	added
https://job-boards.greenhouse.io/intercom/jobs/6428373	2026-04-19	greenhouse_api	Product Engineer	Intercom	added
https://job-boards.greenhouse.io/intercom/jobs/5107681	2026-04-19	greenhouse_api	Senior Product Engineer	Intercom	skipped_title
https://job-boards.greenhouse.io/intercom/jobs/6428372	2026-04-19	greenhouse_api	Senior Product Engineer	Intercom	added
https://job-boards.greenhouse.io/intercom/jobs/6386428	2026-04-19	greenhouse_api	Senior Product Engineer	Intercom	skipped_title
https://job-boards.greenhouse.io/intercom/jobs/6276021	2026-04-19	greenhouse_api	Senior Product Engineer, AI	Intercom	added
https://job-boards.greenhouse.io/intercom/jobs/6466001	2026-04-19	greenhouse_api	Senior Product Engineer - AI Platform	Intercom	added
https://job-boards.greenhouse.io/intercom/jobs/7254082	2026-04-19	greenhouse_api	Senior Product Engineer - API & Integrations	Intercom	added
https://job-boards.greenhouse.io/intercom/jobs/5082494	2026-04-19	greenhouse_api	Senior Software Engineer	Intercom	skipped_title
https://job-boards.greenhouse.io/intercom/jobs/7371989	2026-04-19	greenhouse_api	Software Engineer	Intercom	added
https://jobs.ashbyhq.com/mobilefirst/7eb9a0cc-c63e-4d16-9012-505188aa8f9a	2026-04-19	ashby_websearch	Senior React Native Engineer	The Mobile-First Company	added
https://jobs.ashbyhq.com/squadformers/23960810-5b99-4217-b8b8-369a4ad3b920	2026-04-19	ashby_websearch	Senior Android (Kotlin) Engineer	Aligned	added
https://jobs.ashbyhq.com/trust-wallet/c2342971-a7bb-414a-88dc-1c850b2aa455	2026-04-19	ashby_websearch	Senior Android / Kotlin Engineer (Web3 - Trading)	Trust Wallet	skipped_title
https://jobs.ashbyhq.com/niantic-spatial/bd930b59-d50f-4c4b-8371-8d1c7dd3bca5	2026-04-19	ashby_websearch	Senior Mobile Native Engineer (Kotlin)	Niantic Spatial	added
https://jobs.ashbyhq.com/mexdigital/d5639dbb-616b-41f0-8b5c-99d4f97e4afe	2026-04-19	ashby_websearch	Android Engineer	Multibank Group	added
https://jobs.ashbyhq.com/lendable/bb61cc0c-9f20-4db0-bd29-b4d4e4a6d956	2026-04-19	ashby_websearch	Senior Kotlin/JVM Engineer	Lendable	added
https://jobs.ashbyhq.com/voize/1be1d5a4-7d37-49b1-a4d7-df541e9c8741	2026-04-19	ashby_websearch	Android Engineer - Kotlin	voize	added
https://jobs.ashbyhq.com/revenuecat/02277895-991b-4b2a-a5b5-c7e607ccecf7	2026-04-19	ashby_websearch	Senior Android SDK Engineer	RevenueCat	added
https://jobs.ashbyhq.com/OnHires/06198cf6-a7ce-419a-aee1-abc880814f48	2026-04-19	ashby_websearch	Senior Software Engineer (Backend, Kotlin)	OnHires	added
https://job-boards.greenhouse.io/fueledcareers/jobs/4794662008	2026-04-19	greenhouse_websearch	Freelance Flutter Engineer	Fueled	added
https://job-boards.greenhouse.io/paloit/jobs/6082474	2026-04-19	greenhouse_websearch	Fullstack Mobile Engineer (Flutter)	PALO IT	added
https://job-boards.greenhouse.io/hs/jobs/7280772	2026-04-19	greenhouse_websearch	Senior Software Engineer, Flutter	Headspace	added
https://job-boards.greenhouse.io/knock/jobs/5641358004	2026-04-19	greenhouse_websearch	Senior Full Stack Software Engineer	Knock	added
https://job-boards.greenhouse.io/santex/jobs/8148230002	2026-04-19	greenhouse_websearch	Senior Full-Stack Developer (Node.js + TypeScript)	Santex	added
https://job-boards.greenhouse.io/cresta/jobs/5026013008	2026-04-19	greenhouse_websearch	Senior Full Stack Engineer - Conversation Intelligence	Cresta	added
https://job-boards.greenhouse.io/earnin/jobs/7308756	2026-04-19	greenhouse_websearch	Senior Mobile Engineer (Android)	EarnIn	added
https://jobs.lever.co/oowlish/cc244b37-28c1-47f8-abd4-ae42e6efe834	2026-04-19	lever_websearch	Senior Full Stack Engineer (React / Node / React Native)	Oowlish Technology	added
https://www.workatastartup.com/jobs/73651	2026-04-19	yc_websearch	Full-Stack Software Engineer (TypeScript/React Native)	Wanderlog	added
https://www.workatastartup.com/jobs/74533	2026-04-19	yc_websearch	Full-Stack Software Engineer	Wanderlog	added
https://www.workatastartup.com/jobs/66031	2026-04-19	yc_websearch	Senior/Lead Backend Engineer (Fullstack)	SuperKalam	added
https://himalayas.app/companies/cloudwalk/jobs/senior-mobile-engineer-flutter	2026-04-19	himalayas_websearch	Senior Mobile Engineer (Flutter)	CloudWalk	added
https://himalayas.app/companies/brillio/jobs/reactnative-lead-developer-r01564122	2026-04-19	himalayas_websearch	React Native Lead Developer	Brillio	added
https://himalayas.app/companies/metova/jobs/full-stack-developer-ror-react-react-native	2026-04-19	himalayas_websearch	Full Stack Developer (React/React Native)	Metova	added
https://himalayas.app/companies/fliff/jobs/engineering-manager-react-native-2795651573	2026-04-19	himalayas_websearch	Engineering Manager - React Native	Fliff	added
https://weworkremotely.com/remote-jobs/metova-full-stack-developer-ror-react-react-native	2026-04-19	weworkremotely_websearch	Full Stack Developer (React/React Native)	Metova	skipped_dup
https://weworkremotely.com/remote-jobs/planning-center-full-stack-engineer-ruby-on-rails-and-react	2026-04-19	weworkremotely_websearch	Full Stack Engineer - Ruby on Rails and React	Planning Center	skipped_title
https://remotive.com/remote/jobs/software-development/lead-mobile-engineer-3964084	2026-04-19	remotive_websearch	Lead Mobile Engineer	MLabs	added
https://www.naukri.com/job-listings-senior-staff-engineer-mobile-developer-react-native-nagarro-software-pvt-ltd-remote-3-to-7-years-291025501434	2026-04-19	naukri_websearch	Senior Staff Engineer, Mobile Developer (React Native)	Nagarro	added
https://job-boards.greenhouse.io/postman/jobs/7583237003	2026-04-22	greenhouse_api	Software Engineer - Frontend, Performance and Monitoring	Postman	added
https://job-boards.greenhouse.io/postman/jobs/7578716003	2026-04-22	greenhouse_api	Staff Software Engineer, Business Platform	Postman	added
https://careers.duolingo.com/jobs/8512566002	2026-04-22	greenhouse_api	Senior Software Engineer	Duolingo	added
https://jobs.ashbyhq.com/spruceid/d40a5ea4-cbe4-4b69-a89c-491e0d36587b	2026-04-22	ashby_websearch	Senior Forward Deployed Engineer, Mobile	Spruce Systems	added
https://jobs.ashbyhq.com/truelogic/68490283-bc57-4afc-ac0a-712e8103acb7	2026-04-22	ashby_websearch	Senior Mobile Engineer (React Native)	Truelogic	added
https://jobs.ashbyhq.com/mobilefirst/49c1e97a-f0d8-4113-b983-aeb3f23eef5c	2026-04-22	ashby_websearch	Senior React Native Engineer	The Mobile-First Company	added
https://jobs.ashbyhq.com/space44/9003c4b2-8eba-4323-bb9a-913ec46116c4	2026-04-22	ashby_websearch	Senior Full-Stack Software Engineer (Java, Node.js, React/Angular)	SPACE44	added
https://jobs.ashbyhq.com/WunderGraph/1c60792f-3f36-461c-93b9-c20bcd43ffc7	2026-04-22	ashby_websearch	Senior Full Stack Engineer (Cosmo) - Remote EMEA	WunderGraph	added
https://jobs.ashbyhq.com/superduper/fbfca708-2018-480d-afa7-d435fc9f7193	2026-04-22	ashby_websearch	Senior Fullstack Developer	Superduper	added
https://jobs.ashbyhq.com/starbridge/2c52b825-15d8-47b2-ae54-1642761732ca	2026-04-22	ashby_websearch	Remote Senior Backend Software Engineer - Java/Kotlin	Starbridge	added
https://jobs.ashbyhq.com/starbridge/f74bbcff-15b2-4875-9dac-e99eb2ff587b	2026-04-22	ashby_websearch	Senior Backend Software Engineer (Java/Kotlin, NYC)	Starbridge	added
https://jobs.ashbyhq.com/Playbook/b02e76ac-9d70-41ca-9769-0e073c44976e	2026-04-22	ashby_websearch	Senior Fullstack Engineer (ReactJS / Node.js)	Playbook	skipped_dup
https://job-boards.greenhouse.io/roadie/jobs/8500982002	2026-04-22	greenhouse_websearch	Mobile Engineer, Flutter	Roadie	added
https://job-boards.greenhouse.io/nearform/jobs/6690911003	2026-04-22	greenhouse_websearch	Senior React Native Software Engineer (Contract, Brazil, Remote)	Nearform	added
https://job-boards.greenhouse.io/techholding/jobs/4581653005	2026-04-22	greenhouse_websearch	Senior Full Stack Developer (TypeScript/Node.js) - Contract	Tech Holding	added
https://job-boards.greenhouse.io/lumimeds/jobs/4088274009	2026-04-22	greenhouse_websearch	Senior Full-Stack Engineer (Node.js & Next.js)	LumiMeds	added
https://job-boards.greenhouse.io/coderoad/jobs/4164244009	2026-04-22	greenhouse_websearch	Senior Fullstack Developer (Node/React)	CodeRoad	added
https://job-boards.greenhouse.io/gitlab/jobs/8315155002	2026-04-22	greenhouse_websearch	Intermediate Fullstack Engineer (TypeScript), AI Engineering	GitLab	added
https://job-boards.greenhouse.io/medicalinformaticsengineering/jobs/4062585009	2026-04-22	greenhouse_websearch	Senior Full Stack Developer	Medical Informatics Engineering	added
https://job-boards.greenhouse.io/careaccess/jobs/4107014009	2026-04-22	greenhouse_websearch	Senior Software Engineer, Full-Stack	Care Access	added
https://job-boards.greenhouse.io/gusto/jobs/6866254	2026-04-22	greenhouse_websearch	Senior Staff Mobile Platform Engineer, Android	Gusto	added
https://job-boards.greenhouse.io/fay/jobs/4811805008	2026-04-22	greenhouse_websearch	Senior Android Engineer	Fay	added
https://jobs.lever.co/jobgether/0b87b4f7-6a5c-4914-9a2a-949f6541f56c	2026-04-22	lever_websearch	Senior React Native Developer (Remote)	Jobgether	added
https://jobs.lever.co/smart-working-solutions/10865ca1-8ac6-4df8-bf77-47edd77487e2	2026-04-22	lever_websearch	Senior Full Stack Engineer - Clojure, React Native, Typescript	Smart Working Solutions	added
https://jobs.lever.co/jobgether/4e7a0fbd-c094-4461-9efd-612cbbc3d28e	2026-04-22	lever_websearch	React Native Developer (Remote)	Jobgether	added
https://jobs.lever.co/smart-working-solutions/880c5ed5-5e57-49a1-9542-6ef49e6f849a	2026-04-22	lever_websearch	Mobile Platform Tech Lead	Smart Working Solutions	skipped_title
https://wellfound.com/jobs/2360208-senior-full-stack-react-native-engineer-uk-remote	2026-04-22	wellfound_websearch	Senior Full Stack (React Native) Engineer - UK Remote	Taptap Send	added
https://wellfound.com/jobs/3390581-senior-software-engineer-react-native	2026-04-22	wellfound_websearch	Senior Software Engineer - React Native	Purpose	added
https://wellfound.com/jobs/2385253-senior-full-stack-engineer-next-js-node-js-typescript	2026-04-22	wellfound_websearch	Senior Full Stack Engineer (Next.js / Node.js / TypeScript)	BetaMind	added
https://wellfound.com/jobs/3000320-senior-fullstack-engineer-next-js-typescript-react	2026-04-22	wellfound_websearch	Senior Fullstack Engineer (Next.js, Typescript, React)	Distill	added
https://wellfound.com/jobs/3086910-full-stack-developer-react-js-typescript-node-js	2026-04-22	wellfound_websearch	Full Stack Developer - React.js / TypeScript / Node.js	(unknown)	added
https://wellfound.com/jobs/2871377-senior-front-end-full-stack-engineer	2026-04-22	wellfound_websearch	Senior Full Stack Software Engineer - Core Product + AI	HelloTrace	added
https://wellfound.com/jobs/2384617-senior-full-stack-engineer-typescript	2026-04-22	wellfound_websearch	Senior Full Stack Engineer, TypeScript	Rasa	added
https://wellfound.com/jobs/3120468-full-stack-developer-node-js-and-react-js	2026-04-22	wellfound_websearch	Full-Stack Developer (Node.js and React.js)	Uservox	added
https://www.workatastartup.com/jobs/54044	2026-04-22	yc_websearch	Full Stack Engineer	FlyCode	added
https://www.workatastartup.com/jobs/14441	2026-04-22	yc_websearch	React Native Developer	Groww	added
https://www.workatastartup.com/jobs/15853	2026-04-22	yc_websearch	Senior Software Engineer, Fullstack	Mixpanel	added
https://www.workatastartup.com/jobs/70207	2026-04-22	yc_websearch	Mobile Developer - React Native (Internship)	Clinikally	skipped_title
https://www.naukri.com/job-listings-senior-react-native-developer-hungry-hr-india-4-to-9-years-170326043820	2026-04-22	naukri_websearch	Senior React Native Developer	Hungry Hr	added
https://www.instahyre.com/job-260662-flutter-developer-at-perfomatix-work-from-home/	2026-04-22	instahyre_websearch	Flutter Developer	Perfomatix	added
https://www.instahyre.com/job-157769-mobile-application-developer-flutter-react-native-at-purple-toko-delhi/	2026-04-22	instahyre_websearch	Mobile Application Developer - Flutter / React Native	Purple Toko	added
https://www.instahyre.com/job-320300-software-engineer-at-studio-management-2-work-from-home/	2026-04-22	instahyre_websearch	Software Engineer	Studio Management	added
https://www.instahyre.com/job-128073-senior-flutter-developer-at-toppersnotes-bangalore/	2026-04-22	instahyre_websearch	Senior Flutter Developer	ToppersNotes	added
https://www.instahyre.com/job-246546-senior-flutter-developer-at-mool-gurgaon/	2026-04-22	instahyre_websearch	Senior Flutter Developer	Mool	added
https://cutshort.io/job/React-Native-Mobile-FullStack-Developer-Kolkata-Piako-hDBa6BeY	2026-04-22	cutshort_websearch	React Native Mobile FullStack Developer	Piako	added
https://cutshort.io/job/Flutter-Developer-Kochi-Cochin-Zartek-Technologies-18KGmhZn	2026-04-22	cutshort_websearch	Flutter Developer	Zartek Technologies	added
https://cutshort.io/job/Fullstack-Developer-Intern-Mumbai-Rejolut-Technology-Solutions-Pvt-Ltd--PojECYot	2026-04-22	cutshort_websearch	Fullstack Developer Intern	Rejolut Technology	skipped_title
https://cutshort.io/job/Senior-Software-Engineer-IONIC-Angular-Gurugram-QuilinX-0FFcBbFY	2026-04-22	cutshort_websearch	Senior Software Engineer - IONIC/Angular	QuilinX	skipped_title
https://weworkremotely.com/remote-jobs/scarlet-creative-software-full-stack-developer	2026-04-22	weworkremotely_websearch	Full Stack Developer	Scarlet Creative Software	added
https://weworkremotely.com/remote-jobs/novabyte-solutions-full-stack-developer-react-react-native-specialist	2026-04-22	weworkremotely_websearch	Full Stack Developer (React + React Native Specialist)	Novabyte Solutions	added
https://weworkremotely.com/remote-jobs/tyb-try-your-best-senior-full-stack-engineer-react	2026-04-22	weworkremotely_websearch	Senior Full Stack Engineer (React)	TYB	added
https://weworkremotely.com/remote-jobs/c4media-inc-mobile-developer	2026-04-22	weworkremotely_websearch	Mobile Developer	C4Media	added
https://himalayas.app/companies/jobgether/jobs/senior-full-stack-android-engineer-remote-us	2026-04-22	himalayas_websearch	Senior Full Stack/Android Engineer (Remote, US)	Jobgether	added
https://himalayas.app/companies/newfire-global-partners/jobs/senior-mobile-engineer-react-native-2050081606	2026-04-22	himalayas_websearch	Senior Mobile Engineer (React Native)	Newfire Global Partners	added
https://himalayas.app/companies/huawei-ireland/jobs/flutter-cordova-and-react-native-developer	2026-04-22	himalayas_websearch	Flutter, Cordova and React Native Developer	Huawei Ireland	added
https://himalayas.app/companies/resourceful-talent-group/jobs/full-stack-developer-react-native-node-js	2026-04-22	himalayas_websearch	Full Stack Developer (React Native & Node.js)	Resourceful Talent Group	added
https://remotive.com/remote-jobs/software-dev/full-stack-developer-react-node-1474910	2026-04-22	remotive_websearch	Full-stack Developer (React/Node)	(unknown)	added
https://remotive.com/remote-jobs/software-dev/fullstack-software-engineer-react-native-1341178	2026-04-22	remotive_websearch	Fullstack Software Engineer, React Native	Grifin	added
https://remotive.com/remote-jobs/medical-health/react-native-full-stack-developer-m-f-d-258358	2026-04-22	remotive_websearch	React Native / Full-stack Developer	Vantis	added
https://remotive.com/remote-jobs/software-dev/full-stack-developer-react-node-1340559	2026-04-22	remotive_websearch	Full-stack Developer (React/Node)	lemon.io	added
https://remotive.com/remote-jobs/software-dev/react-native-developer-1360452	2026-04-22	remotive_websearch	React Native Developer	lemon.io	added
https://remotive.com/remote/jobs/software-dev/full-stack-developer-react-js-python-930567	2026-04-22	remotive_websearch	Full Stack Developer - React.js/Python	AJ Consulting	added
https://remotive.com/remote-jobs/software-dev/webflow-flutter-app-1622949	2026-04-22	remotive_websearch	Webflow / Flutter App	CoWorkingMexico	added
https://remotive.com/remote-jobs/software-dev/senior-ios-developer-1649212	2026-04-22	remotive_websearch	Senior iOS Developer	Useinsider	skipped_title
https://job-boards.greenhouse.io/postman/jobs/7703916003	2026-04-25	greenhouse_api	Senior Engineer (Fullstack, backend-heavy), Product Trust	Postman	added
https://job-boards.greenhouse.io/postman/jobs/7704063003	2026-04-25	greenhouse_api	Software Engineer (Fullstack, frontend-heavy), Product Trust	Postman	added
https://job-boards.greenhouse.io/postman/jobs/7701509003	2026-04-25	greenhouse_api	Senior Engineer, Search	Postman	skipped_title
https://job-boards.greenhouse.io/postman/jobs/6523162003	2026-04-25	greenhouse_api	Senior Engineer, IAM	Postman	skipped_title
https://job-boards.greenhouse.io/postman/jobs/7583227003	2026-04-25	greenhouse_api	Senior Engineer, Performance Testing and Automation Monitoring	Postman	skipped_title
https://job-boards.greenhouse.io/postman/jobs/7477263003	2026-04-25	greenhouse_api	Staff Engineer, Desktop Platform	Postman	skipped_title
https://job-boards.greenhouse.io/postman/jobs/7560532003	2026-04-25	greenhouse_api	Sr. Engineer, Client Platform (UI Platform)	Postman	skipped_title
https://job-boards.greenhouse.io/intercom/jobs/7371916	2026-04-25	greenhouse_api	Staff Product Engineer	Intercom	added
https://job-boards.greenhouse.io/intercom/jobs/6386430	2026-04-25	greenhouse_api	Staff Product Engineer	Intercom	added
https://job-boards.greenhouse.io/intercom/jobs/6386429	2026-04-25	greenhouse_api	Staff Product Engineer	Intercom	added
https://job-boards.greenhouse.io/intercom/jobs/7393922	2026-04-25	greenhouse_api	Staff Product Engineer, AI	Intercom	added
https://job-boards.greenhouse.io/intercom/jobs/7824137	2026-04-25	greenhouse_api	AI Infrastructure Engineer	Intercom	skipped_title
https://job-boards.greenhouse.io/intercom/jobs/7824142	2026-04-25	greenhouse_api	AI Infrastructure Engineer	Intercom	skipped_title
https://job-boards.greenhouse.io/intercom/jobs/7820671	2026-04-25	greenhouse_api	AI Infrastructure Engineer	Intercom	skipped_title
https://job-boards.greenhouse.io/intercom/jobs/7725837	2026-04-25	greenhouse_api	Principal Engineer, Fin AI Agent	Intercom	skipped_title
https://job-boards.greenhouse.io/intercom/jobs/7814380	2026-04-25	greenhouse_api	Principal Engineer - Go-To-Market	Intercom	skipped_title
https://job-boards.greenhouse.io/intercom/jobs/7811880	2026-04-25	greenhouse_api	Principal Engineer - Go-To-Market	Intercom	skipped_title
https://job-boards.greenhouse.io/intercom/jobs/7515664	2026-04-25	greenhouse_api	Principal Engineer, Web Platform - Team Web	Intercom	skipped_title
https://job-boards.greenhouse.io/intercom/jobs/7515665	2026-04-25	greenhouse_api	Principal Engineer, Web Platform - Team Web	Intercom	skipped_title
https://job-boards.greenhouse.io/intercom/jobs/6386426	2026-04-25	greenhouse_api	Principal Engineer	Intercom	skipped_title
https://job-boards.greenhouse.io/intercom/jobs/6386427	2026-04-25	greenhouse_api	Principal Engineer	Intercom	skipped_title
https://job-boards.greenhouse.io/intercom/jobs/7372003	2026-04-25	greenhouse_api	Principal Engineer	Intercom	skipped_title
https://job-boards.greenhouse.io/intercom/jobs/6949785	2026-04-25	greenhouse_api	Senior Engineer, AI Developer	Intercom	skipped_title
https://job-boards.greenhouse.io/intercom/jobs/7731665	2026-04-25	greenhouse_api	Senior Engineer, Infrastructure Platform	Intercom	skipped_title
https://job-boards.greenhouse.io/inmobi/jobs/6761066	2026-04-25	greenhouse_api	Staff Engineer I	InMobi	skipped_title
https://job-boards.greenhouse.io/inmobi/jobs/6487168	2026-04-25	greenhouse_api	Software Development Engineer III - Devops	InMobi	skipped_title
https://job-boards.greenhouse.io/inmobi/jobs/7214915	2026-04-25	greenhouse_api	Machine Learning Engineer II - Backend	InMobi	skipped_title
https://jobs.ashbyhq.com/agility.io/a92d8f85-e318-492f-862a-3e81573c08f5	2026-04-25	ashby_websearch	Senior Full Stack Engineer (NestJS, Next.js, PostgreSQL)	Agility IO	added
https://jobs.ashbyhq.com/vanta/e54ab450-192f-40f3-8029-37a44f2c09b1	2026-04-25	ashby_websearch	Senior Fullstack Engineer, Emerging Products & Product Platform	Vanta	added
https://job-boards.greenhouse.io/embrace/jobs/5810576004	2026-04-25	greenhouse_websearch	Android SDK Engineer	Embrace	added
https://wellfound.com/jobs/2042818-flutter-developer	2026-04-25	wellfound_websearch	Flutter Developer	Lepaya	added
https://weworkremotely.com/remote-jobs/veriff-senior-software-engineer-product-platform	2026-04-25	weworkremotely_websearch	Senior Software Engineer (Product Platform)	Veriff	added
https://cutshort.io/job/Flutter-Mobile-Developer-Hyderabad-Zobaze-technologies-854HenYg	2026-04-25	cutshort_websearch	Flutter Mobile Developer	Zobaze	added
https://www.naukri.com/job-listings-senior-react-native-developer-freelancer-remote-tharas-tech-india-bangalore-bengaluru-2-to-7-years-080823003887	2026-04-25	naukri_websearch	Senior React Native Developer	Tharas Tech	skipped_expired
https://jobs.ashbyhq.com/masabi/62dfce24-09aa-486a-a38d-b2aecaef50fc	2026-04-25	ashby_websearch	Sr. Java Developer with Kotlin experience	Masabi	skipped_title
https://cutshort.io/job/Flutter-Intern-AppyHigh-Technology-LLP-tU8oNI2X	2026-04-25	cutshort_websearch	Flutter Intern	AppyHigh Technology	skipped_title
https://himalayas.app/companies/huawei-ireland/jobs/flutter-cordova-and-react-native-developer-4207402175	2026-04-25	himalayas_websearch	Flutter, Cordova and React Native Developer	Huawei Ireland	skipped_dup
https://job-boards.greenhouse.io/postman/jobs/7715478003	2026-04-28	greenhouse_api	Senior Fullstack Software Engineer	Postman	added
https://jobs.ashbyhq.com/raylu-ai/2b607c2b-ba05-41ab-bfd9-2661da3824d7	2026-04-28	ashby_websearch	Senior Full Stack Engineer	Raylu AI	added
https://jobs.ashbyhq.com/helpscout/b917ffb5-425d-44cf-9321-651a81c5ecba	2026-04-28	ashby_websearch	Sr. Java/Kotlin Engineer - Search	Help Scout	added
https://wellfound.com/jobs/3135726-full-stack-developer-react-next-js-node-js-mongodb	2026-04-28	wellfound_websearch	Full Stack Developer (React, Next.js, Node.js, MongoDB)	Slated.ai	added
https://wellfound.com/jobs/3347460-senior-full-stack-developer-node-js-typescript-vue-react-next-js	2026-04-28	wellfound_websearch	Senior Full Stack Developer (Node.js, Typescript, Vue, React, Next.js)	(unknown)	added
https://www.workatastartup.com/jobs/65832	2026-04-28	yc_websearch	Full Stack Engineer (Rails + React)	Great Question	added
https://www.naukri.com/job-listings-senior-flutter-developer-uplers-bengaluru-3-to-6-years-191125012602	2026-04-28	naukri_websearch	Senior Flutter Developer	Uplers	added
https://www.instahyre.com/job-207598-senior-flutter-developer-at-open-financial-technologies-bangalore/	2026-04-28	instahyre_websearch	Senior Flutter Developer	Open Financial Technologies	added
https://cutshort.io/job/Senior-React-Developer-India-Qrata-iwcsUKa4	2026-04-28	cutshort_websearch	Senior React Developer	Qrata	added
https://remotive.com/remote/jobs/software-development/mobile-developer-4472863	2026-04-28	remotive_websearch	Mobile Developer	Remote World	added
https://himalayas.app/companies/in-the-pocket/jobs/mobile-engineer-flutter	2026-04-28	himalayas_websearch	Mobile Engineer (Flutter)	In The Pocket	skipped_dup
https://careers.duolingo.com/jobs/8457170002	2026-05-01	greenhouse_api	Senior Software Engineer, Backend	Duolingo	added
https://boards.greenhouse.io/descript/jobs/7716322003	2026-05-01	greenhouse_api	Senior Frontend Engineer, Marketing Web	Descript	added
https://jobs.ashbyhq.com/jump-app/e7d984af-7289-47ad-9055-862a4d31f67f	2026-05-01	ashby_websearch	Senior Android Engineer, Global Contractor	Jump	added
https://job-boards.greenhouse.io/hs/jobs/7767283	2026-05-01	greenhouse_websearch	Senior Software Engineer, Flutter	Headspace	added
https://job-boards.greenhouse.io/seamlessai/jobs/5635504004	2026-05-01	greenhouse_websearch	Senior Growth Full-Stack Engineer	Seamless	added
https://job-boards.greenhouse.io/propel/jobs/4371594002	2026-05-01	greenhouse_websearch	Senior Full Stack Engineer	Propel	added
https://jobs.lever.co/jobgether/7681e3b4-c88c-4d03-abce-9de29bd30a97	2026-05-01	lever_websearch	Sr. React Native Developer - Remote	Jobgether	added
https://www.instahyre.com/job-345216-senior-engineer-flutter-android-at-tamara-work-from-home/	2026-05-01	instahyre_websearch	Senior Engineer - Flutter / Android	Tamara	added
https://job-boards.greenhouse.io/postman/jobs/7677743003	2026-05-01	greenhouse_api	Senior Software Engineer Manager - Ecosystems	Postman	skipped_title
https://boards.greenhouse.io/figma/jobs/5838098004	2026-05-01	greenhouse_api	Manager, Software Engineering - AI Product	Figma	skipped_title
https://boards.greenhouse.io/figma/jobs/5722244004	2026-05-01	greenhouse_api	Manager, Software Engineering - Billing	Figma	skipped_title
https://boards.greenhouse.io/figma/jobs/5696366004	2026-05-01	greenhouse_api	Manager, Software Engineering - Creation Engine	Figma	skipped_title
https://boards.greenhouse.io/figma/jobs/5787320004	2026-05-01	greenhouse_api	Manager, Software Engineering - Design Systems Management	Figma	skipped_title
https://boards.greenhouse.io/figma/jobs/5778796004	2026-05-01	greenhouse_api	Manager, Software Engineering - Interaction Design	Figma	skipped_title
https://boards.greenhouse.io/figma/jobs/5807963004	2026-05-01	greenhouse_api	Manager, Software Engineering - Observability	Figma	skipped_title
https://boards.greenhouse.io/figma/jobs/5804108004	2026-05-01	greenhouse_api	Manager, Software Engineering - Search & Recommendations	Figma	skipped_title
https://careers.duolingo.com/jobs/8526793002	2026-05-01	greenhouse_api	Software Engineer I	Duolingo	skipped_title
https://job-boards.greenhouse.io/inmobi/jobs/7408134	2026-05-01	greenhouse_api	SDE III - Salesforce	InMobi	skipped_title
https://job-boards.greenhouse.io/vercel/jobs/5843010004	2026-05-01	greenhouse_api	Anti-Abuse Automation Engineer	Vercel	skipped_title
https://job-boards.greenhouse.io/vercel/jobs/5820658004	2026-05-01	greenhouse_api	Content Engineer	Vercel	skipped_title
https://job-boards.greenhouse.io/vercel/jobs/5709080004	2026-05-01	greenhouse_api	Design Engineer	Vercel	skipped_title
https://job-boards.greenhouse.io/vercel/jobs/5778418004	2026-05-01	greenhouse_api	Forward-Deployed Engineer	Vercel	skipped_title
https://job-boards.greenhouse.io/vercel/jobs/5872425004	2026-05-01	greenhouse_api	Forward Deployed Engineer, v0	Vercel	skipped_title
https://job-boards.greenhouse.io/vercel/jobs/5752684004	2026-05-01	greenhouse_api	Forward-Deployed Engineer	Vercel	skipped_title
https://job-boards.greenhouse.io/vercel/jobs/5777645004	2026-05-01	greenhouse_api	GTM Engineer	Vercel	skipped_title
https://job-boards.greenhouse.io/vercel/jobs/5980197004	2026-05-01	greenhouse_api	Media Engineer, Social	Vercel	skipped_title
https://job-boards.greenhouse.io/vercel/jobs/5732855004	2026-05-01	greenhouse_api	Site Engineer	Vercel	skipped_title
https://job-boards.greenhouse.io/intercom/jobs/7462098	2026-05-01	greenhouse_api	Senior Forward Deployed Engineer	Intercom	skipped_title
https://job-boards.greenhouse.io/intercom/jobs/7218259	2026-05-01	greenhouse_api	Senior Forward Deployed Engineer	Intercom	skipped_title
https://job-boards.greenhouse.io/intercom/jobs/7310770	2026-05-01	greenhouse_api	Staff Forward Deployed Engineer	Intercom	skipped_title
https://job-boards.greenhouse.io/intercom/jobs/7462110	2026-05-01	greenhouse_api	Staff Forward Deployed Engineer	Intercom	skipped_title
https://careers.duolingo.com/jobs/8525406002	2026-05-04	greenhouse_api	Staff AI Research Engineer	Duolingo	skipped_title
https://careers.duolingo.com/jobs/8449895002	2026-05-04	greenhouse_api	Platform Engineer II	Duolingo	skipped_title
https://careers.duolingo.com/jobs/8424809002	2026-05-04	greenhouse_api	Senior Gameplay Programmer	Duolingo	skipped_title
https://careers.duolingo.com/jobs/8449936002	2026-05-04	greenhouse_api	Senior Platform Engineer	Duolingo	skipped_title
https://boards.greenhouse.io/descript/jobs/7500000003	2026-05-04	greenhouse_api	Senior Infrastructure Engineer	Descript	skipped_title
https://jobs.ashbyhq.com/close/8b67d1fa-5852-4f7d-b8c2-cedc20b16da7	2026-05-04	ashby_websearch	Senior Software Engineer - Frontend/React	Close	added
https://www.naukri.com/job-listings-senior-react-native-developer-rapinno-tech-solutions-hyderabad-5-to-10-years-310326032317	2026-05-04	naukri_websearch	Senior React Native Developer	Rapinno Tech Solutions	added
https://job-boards.greenhouse.io/postman/jobs/7724253003	2026-05-07	greenhouse_api	Senior Engineer Frontend, Monetization	Postman	added
https://job-boards.greenhouse.io/inmobi/jobs/7548045	2026-05-07	greenhouse_api	SDE III Gen AI	InMobi	added
https://job-boards.greenhouse.io/serhant/jobs/4121505009	2026-05-07	greenhouse_websearch	Senior Full Stack Engineer	Serhant	added
https://jobs.lever.co/smart-working-solutions/808ff6ea-db73-44dd-9edd-46d8fc4d6aaa	2026-05-07	lever_websearch	Senior Full Stack Developer (React Native + React)	Smart Working Solutions	added
https://weworkremotely.com/remote-jobs/proxify-ab-senior-flutter-developer-4	2026-05-07	weworkremotely_websearch	Senior Flutter Developer	Proxify AB	added
https://job-boards.greenhouse.io/postman/jobs/7725592003	2026-05-07	greenhouse_api	Staff Engineer, Product Trust	Postman	skipped_title
https://job-boards.greenhouse.io/inmobi/jobs/7768202	2026-05-07	greenhouse_api	Software Development Engineer III	InMobi	skipped_title
https://job-boards.greenhouse.io/inmobi/jobs/7493120	2026-05-07	greenhouse_api	Staff Engineer I	InMobi	skipped_title
https://job-boards.greenhouse.io/inmobi/jobs/7793050	2026-05-07	greenhouse_api	Intern - Industrial Trainee	InMobi	skipped_title
https://job-boards.greenhouse.io/intercom/jobs/7774295	2026-05-07	greenhouse_api	Full-Stack Marketer, Customer Advocacy	Intercom	skipped_title
https://boards.greenhouse.io/descript/jobs/7656441003	2026-05-07	greenhouse_api	Senior Data Scientist, Marketing	Descript	skipped_title
https://job-boards.greenhouse.io/vercel/jobs/5993753004	2026-05-16	greenhouse_api	Software Engineer, Next.js	Vercel	added
https://job-boards.greenhouse.io/intercom/jobs/7925313	2026-05-16	greenhouse_api	Senior Product Engineer - Pricing & Packaging	Intercom	added
https://job-boards.greenhouse.io/revenuecat/jobs/5472468004	2026-05-16	greenhouse_websearch	Senior Android SDK Engineer	RevenueCat	skipped_dup
https://job-boards.greenhouse.io/lumimeds/jobs/4205631009	2026-05-16	greenhouse_websearch	Senior Full-Stack Engineer (Node.js & Next.js, AI-Native) - Remote	LumiMeds	added
https://job-boards.greenhouse.io/rithumliboard/jobs/7774208	2026-05-16	greenhouse_websearch	Senior Fullstack Software Engineer - JavaScript / TypeScript	Rithum	added
https://job-boards.greenhouse.io/reddit/jobs/6670448	2026-05-16	greenhouse_websearch	Senior Android Engineer, Chat	Reddit	added
https://job-boards.greenhouse.io/coderoad/jobs/4187502009	2026-05-16	greenhouse_websearch	Senior React Native Developer	CodeRoad	added
https://job-boards.greenhouse.io/interviewkickstart/jobs/4017236009	2026-05-16	greenhouse_websearch	Senior Software Engineer - React Native	Interview Kickstart	added
https://job-boards.greenhouse.io/straightarrownews/jobs/4240386009	2026-05-16	greenhouse_websearch	Senior Software Engineer (React Native)	Straight Arrow News	added
https://job-boards.greenhouse.io/straightarrownews/jobs/4017454009	2026-05-16	greenhouse_websearch	Senior Software Engineer (React Native)	Straight Arrow News	added
https://job-boards.greenhouse.io/earnin/jobs/7182039	2026-05-16	greenhouse_websearch	Senior Mobile Engineer (Android)	EarnIn	added
https://job-boards.greenhouse.io/trivelta/jobs/4071479009	2026-05-16	greenhouse_websearch	Senior Software Engineer - React Native / Mobile	Trivelta	added
https://job-boards.greenhouse.io/everdriven/jobs/4993771008	2026-05-16	greenhouse_websearch	Senior Software Engineer, Mobile (React Native)	EverDriven	added
https://job-boards.greenhouse.io/beaconbiosignals/jobs/4005461009	2026-05-16	greenhouse_websearch	Senior Mobile App Engineer (React Native/iOS/Android)	Beacon Biosignals	added
https://jobs.ashbyhq.com/masabi/4028926e-772a-4beb-b98b-64c2a6802b3c	2026-05-16	ashby_websearch	Senior Kotlin Developer (remote)	Masabi	added
https://jobs.lever.co/smart-working-solutions/dcaf609c-8de0-4969-9222-8aa396529e5d	2026-05-16	lever_websearch	Full-Stack Engineer (React / React Native)	Smart Working Solutions	added
https://jobs.lever.co/smart-working-solutions/556f616b-4a5b-4fcf-9b42-d178b2ffc2de	2026-05-16	lever_websearch	Software Engineer (Clojure / React Native)	Smart Working Solutions	added
https://jobs.lever.co/peerspace/a5e3d0bb-9915-4ec8-b326-87961d72473c	2026-05-16	lever_websearch	Senior Mobile Engineer (React Native)	Peerspace	added
https://jobs.lever.co/jobgether/664d5e47-8987-4c23-9032-d0a978b3962f	2026-05-16	lever_websearch	React Native Platform Engineer (Remote from US)	Jobgether	added
https://remotive.com/remote/jobs/software-development/mobile-developer-3818417	2026-05-16	remotive_websearch	Mobile Developer	TechState	added
https://www.instahyre.com/job-142136-senior-software-engineer-at-buystars-work-from-home/	2026-05-16	instahyre_websearch	Senior Software Engineer	BuyStars	added
https://www.instahyre.com/job-90179-sr-mobile-engineer-flutter-react-native-at-qoohoo-bangalore/	2026-05-16	instahyre_websearch	Sr. Mobile Engineer Flutter / React-Native	Qoohoo	added
https://cutshort.io/job/React-Native-Developer-Michael-Page-MjzoY204	2026-05-16	cutshort_websearch	React Native Developer	Michael Page	added
https://cutshort.io/job/Senior-Flutter-Developer-Noida-WTF-44aTBXgO	2026-05-16	cutshort_websearch	Senior Flutter Developer	WTF	added
https://job-boards.greenhouse.io/postman/jobs/7539839003	2026-05-19	greenhouse_api	Senior Software Engineer, Postman Insights	Postman	added
https://jobs.ashbyhq.com/silver/9a791039-5690-4c4f-a08f-3d6c363605f0	2026-05-19	ashby_websearch	React Native Engineer (The Mobile-First Company)	Silver.dev	added
https://jobs.ashbyhq.com/masabi/316ff804-7176-42b6-bdbb-4d8d419d61ca	2026-05-19	ashby_websearch	Senior Kotlin Developer (Remote)	Masabi	added
https://job-boards.greenhouse.io/topsteptrader/jobs/7701743003	2026-05-19	greenhouse_websearch	Senior Fullstack Engineer (Payments)	Topstep	added
https://job-boards.greenhouse.io/jetbrains/jobs/4769561101	2026-05-19	greenhouse_websearch	Senior Full-Stack Kotlin Engineer (Kineto)	JetBrains	added
https://jobs.lever.co/jobgether/5e7c57ac-da38-42b2-80c3-494859d998fb	2026-05-19	lever_websearch	Senior Software Development Engineer - Full Stack	Jobgether	added
https://jobs.lever.co/jobgether/8129e820-8a85-40e1-96b3-5d1c8cf9f757	2026-05-19	lever_websearch	React Native Developer (Remote)	Jobgether	added
https://weworkremotely.com/remote-jobs/evolute-cx-gmbh-full-stack-developer-react-native-node-js-typescript-upper-mid	2026-05-19	weworkremotely_websearch	Full-Stack Developer (React Native / Node.js / TypeScript)	Evolute CX GmbH	added
https://wellfound.com/jobs/1971595-senior-full-stack-engineer-web-mobile	2026-05-19	wellfound_websearch	Senior Full-Stack Engineer – Web/Mobile	Brain.fm	added
https://www.instahyre.com/job-158371-senior-engineer-react-native-at-experion-technologies-trivandrum/	2026-05-19	instahyre_websearch	Senior Engineer - React Native	Experion Technologies	added
https://cutshort.io/job/Senior-Android-Developer-Mumbai-MyGlamm-rpW135cp	2026-05-19	cutshort_websearch	Senior Android Developer	MyGlamm	added
https://jobs.lever.co/smart-working-solutions/ff11c66d-561b-4890-9fde-5e8667ff0296	2026-05-19	lever_websearch	Mobile Platform Tech Lead	Smart Working Solutions	skipped_title
https://www.instahyre.com/job-34820-senior-full-stack-engineer-react-java-at-american-express-bangalore/	2026-05-19	instahyre_websearch	Senior Full Stack Engineer - React + Java	American Express	skipped_title
https://cutshort.io/job/Flutter-front-end-developer-Intern-Bengaluru-Bangalore-FincluS-EM0NbZFp	2026-05-19	cutshort_websearch	Flutter front end developer - Intern	FincluS	skipped_title
https://remotive.com/remote/jobs/customer-service/customer-success-engineer-4579079	2026-05-19	remotive_websearch	Customer Success Engineer	Scandit	skipped_title
https://job-boards.greenhouse.io/inmobi/jobs/7912774	2026-05-22	greenhouse_api	SDE III - Backend	InMobi	added
https://careers.duolingo.com/jobs/8534630002	2026-05-22	greenhouse_api	Senior Engineering Manager, Monetization	Duolingo	skipped_title
https://careers.duolingo.com/jobs/8537884002	2026-05-22	greenhouse_api	Senior Engineering Manager, Monetization	Duolingo	skipped_title
https://careers.duolingo.com/jobs/8548803002	2026-05-22	greenhouse_api	Head of Influencers & Community	Duolingo	skipped_title
https://careers.duolingo.com/jobs/8548793002	2026-05-22	greenhouse_api	Head of Influencers & Community	Duolingo	skipped_title
https://careers.duolingo.com/jobs/8543375002	2026-05-22	greenhouse_api	Senior Manager, Scaling Operations	Duolingo	skipped_title
https://careers.duolingo.com/jobs/8543137002	2026-05-22	greenhouse_api	Senior Manager, Scaling Operations	Duolingo	skipped_title
https://careers.duolingo.com/jobs/8532790002	2026-05-22	greenhouse_api	Director of Communications	Duolingo	skipped_title
https://careers.duolingo.com/jobs/8529331002	2026-05-22	greenhouse_api	Product Writer	Duolingo	skipped_title
https://job-boards.greenhouse.io/inmobi/jobs/7912490	2026-05-22	greenhouse_api	Product Manager - ML Decision Systems	InMobi	skipped_title
https://job-boards.greenhouse.io/inmobi/jobs/7941959	2026-05-22	greenhouse_api	Lead Communications Strategist	InMobi	skipped_title
https://job-boards.greenhouse.io/northbeam/jobs/4558061006	2026-05-22	greenhouse_websearch	Senior Fullstack Engineer (TypeScript)	Northbeam	added
https://jobs.lever.co/court-avenue/e44abbea-2fcf-45c6-ad7d-2479982a634b	2026-05-22	lever_websearch	Senior Full-Stack Software Engineer (Theme Park Focused)	CourtAvenue	added
https://www.workatastartup.com/jobs/37323	2026-05-22	yc_websearch	Full Stack Engineer	Openbase	added
https://weworkremotely.com/remote-jobs/lemon-io-senior-full-stack-developer-8	2026-05-22	weworkremotely_websearch	Senior Full-stack Developer	Lemon.io	added
https://weworkremotely.com/remote-jobs/remotelock-react-native-mobile-and-web-senior-engineer	2026-05-22	weworkremotely_websearch	React Native / Mobile and Web Senior Engineer	RemoteLock	added
https://weworkremotely.com/remote-jobs/linear-full-stack-engineer	2026-05-22	weworkremotely_websearch	Full Stack Engineer	Linear	added
https://weworkremotely.com/remote-jobs/entermotion-mobile-developer-react-native	2026-05-22	weworkremotely_websearch	Mobile Developer (React Native)	Entermotion	added
https://cutshort.io/job/React-Native-MERN-Full-Stack-Developer-Bhopal-Ajjas-EKkeWbR3	2026-05-22	cutshort_websearch	React Native & MERN Full Stack Developer	Ajjas	added
https://cutshort.io/job/React-Native-Developer-Delhi-Noida-Ghaziabad-Faridabad-Aquad-Software-Solution-Pvt-Ltd-jRypTwsg	2026-05-22	cutshort_websearch	React Native Developer	Aquad Software Solution	added
https://cutshort.io/job/Flutter-Developer-Mohali-610-Web-Lab-qluNE6N1	2026-05-22	cutshort_websearch	Flutter Developer	610 Web Lab	added
https://jobs.ashbyhq.com/eli/3e7ea8e6-b77c-481b-9ab0-1b415ee5d37b	2026-05-25	ashby_websearch	Senior Full-Stack Developer (React Native)	Eli Health	added
https://jobs.ashbyhq.com/somethings/f1553f39-89bd-446a-aae5-1c358df06775	2026-05-25	ashby_websearch	Senior Full Stack Software Engineer - React Native	Somethings	added
https://jobs.ashbyhq.com/aphex/bd222d16-2c49-482d-a8ca-e60ec5d2ad62	2026-05-25	ashby_websearch	Senior Full Stack Developer	Aphex	added
https://jobs.ashbyhq.com/acquird/86cc022a-3cd7-4f08-9a9e-57145cc1a2f9	2026-05-25	ashby_websearch	Senior Full Stack Engineer (React, Python)	Acquird.io	added
https://jobs.ashbyhq.com/syndica/c0263c11-512c-450b-ac37-3959a6e9063d	2026-05-25	ashby_websearch	Senior React Native Engineer	Syndica	added
https://job-boards.greenhouse.io/degreed/jobs/5431938004	2026-05-25	greenhouse_websearch	Flutter Engineering - Mobile (Bengaluru)	Degreed	added
https://job-boards.greenhouse.io/fluxon/jobs/4607390005	2026-05-25	greenhouse_websearch	Senior Frontend Engineer	Fluxon	added
https://job-boards.greenhouse.io/invertase/jobs/4580103101	2026-05-25	greenhouse_websearch	Senior Product Engineer - Dart & Flutter Products	Invertase	added
https://job-boards.greenhouse.io/tide/jobs/6613051003	2026-05-25	greenhouse_websearch	Senior Engineer, Flutter	Tide	added
https://job-boards.greenhouse.io/mejuri/jobs/4597266006	2026-05-25	greenhouse_websearch	Senior React Native Developer	Mejuri	added
https://wellfound.com/jobs/2878512-senior-flutter-engineer	2026-05-25	wellfound_websearch	Senior Flutter Engineer	EaseOps	added
https://remotive.com/remote/jobs/software-development/mobile-engineer-react-native-4725354	2026-05-25	remotive_websearch	Mobile Engineer (React Native)	Atomic HR	added
https://remotive.com/remote/jobs/software-development/senior-react-native-developer-4560749	2026-05-25	remotive_websearch	Senior React Native Developer	Ruby Labs	added
https://cutshort.io/job/React-Fullstack-developer-React-Node-Typescript-Devenir-ieJMAHhA	2026-05-25	cutshort_websearch	React Fullstack developer (React+Node+Typescript)	Virtusa/Devenir	added
https://wellfound.com/jobs/3092956-flutter-developer-intern-remote	2026-05-25	wellfound_websearch	Flutter Developer Intern (Remote)	WhatBytes	skipped_title
https://cutshort.io/job/Senior-iOS-Developer-Muscat-Oman-Akeed-3Dw16AWo	2026-05-25	cutshort_websearch	Senior iOS Developer	Akeed	skipped_title
https://boards.greenhouse.io/figma/jobs/6002655004	2026-05-31	greenhouse_api	Software Engineer (Dublin, Ireland)	Figma	added
https://job-boards.greenhouse.io/intercom/jobs/6386428	2026-05-31	greenhouse_api	Senior Product Engineer	Intercom	added
https://job-boards.greenhouse.io/intercom/jobs/7393955	2026-05-31	greenhouse_api	Staff Product Engineer, AI	Intercom	added
https://job-boards.greenhouse.io/intercom/jobs/7393950	2026-05-31	greenhouse_api	Staff Product Engineer, AI	Intercom	added
https://job-boards.greenhouse.io/intercom/jobs/7383963	2026-05-31	greenhouse_api	Staff Product Engineer, AI	Intercom	added
https://job-boards.greenhouse.io/intercom/jobs/7735830	2026-05-31	greenhouse_api	Staff Product Engineer - Growth	Intercom	added
https://jobs.ashbyhq.com/ostium/2b849eb1-c0e8-4907-946b-e6274311a316	2026-05-31	ashby_websearch	Mobile Engineer (Flutter)	Ostium Labs	added
https://job-boards.greenhouse.io/bloomreach/jobs/7142435	2026-05-31	greenhouse_websearch	Senior Software Engineer, Mobile SDK (Flutter / React Native)	Bloomreach	added
https://job-boards.greenhouse.io/rithum/jobs/7493873	2026-05-31	greenhouse_websearch	Senior Fullstack Software Engineer - JavaScript / TypeScript	Rithum	added
https://job-boards.greenhouse.io/rithumliboard/jobs/7496268	2026-05-31	greenhouse_websearch	Senior Fullstack Software Engineer - JavaScript / TypeScript	Rithum	added
https://jobs.lever.co/applike/48a4c8c8-1122-407a-87f3-21cf91dd3514	2026-05-31	lever_websearch	Mobile Software Engineer (SDK)	applike group	added
https://www.workatastartup.com/jobs/74755	2026-05-31	yc_websearch	Full Stack Engineer - TypeScript/Python	Memfault	added
https://www.workatastartup.com/jobs/74022	2026-05-31	yc_websearch	Founding Engineer #1	Misprint	added
https://www.workatastartup.com/jobs/78897	2026-05-31	yc_websearch	Full Stack Engineer (The Fixer)	AiPrise	added
https://www.workatastartup.com/jobs/71773	2026-05-31	yc_websearch	Full Stack Engineer	Tiptap	added
https://www.workatastartup.com/jobs/44310	2026-05-31	yc_websearch	Full Stack Engineer	Jiga	added
https://www.workatastartup.com/jobs/46480	2026-05-31	yc_websearch	Full Stack Engineer	FlowEQ	added
https://www.workatastartup.com/jobs/48288	2026-05-31	yc_websearch	Senior React Fullstack Engineer	Lofty AI	added
https://www.naukri.com/job-listings-flutter-developer-razorthink-bengaluru-3-to-6-years-161225910378	2026-05-31	naukri_websearch	Flutter Developer	Razorthink	added
https://www.instahyre.com/job-303640-senior-fullstack-engineer-react-node-js-at-digit88-technologies-pune/	2026-05-31	instahyre_websearch	Senior Fullstack Engineer (React / Node.js)	Digit88 Technologies	added
https://www.instahyre.com/job-359151-senior-fullstack-developer-react-native-at-wealthbeacon-bangalore/	2026-05-31	instahyre_websearch	Senior Fullstack Developer - React Native	WealthBeacon.ai	added
https://cutshort.io/job/Flutter-Developer-iOS-Android-NCR-Delhi-Gurgaon-Noida-Unnati-MNhkd3LD	2026-05-31	cutshort_websearch	Flutter Developer - iOS/Android	Unnati	added
https://weworkremotely.com/remote-jobs/boon-senior-react-native-developer-mobile-dev	2026-05-31	weworkremotely_websearch	Senior React Native Developer (Mobile Dev)	Boon	added
https://weworkremotely.com/remote-jobs/master-works-full-stack-developer-react-node-js	2026-05-31	weworkremotely_websearch	Full-stack Developer (React & Node.js)	Master-works	added
https://weworkremotely.com/remote-jobs/planning-center-full-stack-engineer-ruby-on-rails-and-react	2026-05-31	weworkremotely_websearch	Full Stack Engineer - Ruby on Rails and React	Planning Center	skipped_title
https://job-boards.greenhouse.io/intercom/jobs/7725840	2026-06-01	greenhouse_api	Principal Engineer, Fin AI Agent	Intercom	skipped_title
https://job-boards.greenhouse.io/intercom/jobs/7742203	2026-06-01	greenhouse_api	Principal Engineer, Fin AI Agent	Intercom	skipped_title
https://jobs.ashbyhq.com/sekai/a254fef6-ad7a-4cf4-853d-79b207259f18	2026-06-01	ashby_websearch	Mobile Engineer — React Native	Sekai	added
https://jobs.ashbyhq.com/distro-llc/a2a11c14-86ad-443b-9aa4-febcbb05ac7c	2026-06-01	ashby_websearch	Full Stack React/Node.js Developer	Distro LLC	added
https://job-boards.greenhouse.io/rithum/jobs/7544838	2026-06-01	greenhouse_websearch	Senior Fullstack Software Engineer - JavaScript / TypeScript	Rithum	added
https://job-boards.greenhouse.io/life360/jobs/8079304002	2026-06-01	greenhouse_websearch	Senior Android Engineer, Experiences Mobile	Life360	added
https://jobs.lever.co/jobgether/097a378b-99dd-44f8-9041-bb8fda041d3e	2026-06-01	lever_websearch	Remote Software Engineer (Full-Stack / Mobile)	Jobgether	added
https://www.workatastartup.com/jobs/84710	2026-06-01	yc_websearch	Full-Stack Developer - Remote	MixRank	added
https://www.workatastartup.com/jobs/77015	2026-06-01	yc_websearch	Software Engineer (Full-Stack, AI-Native)	Wolfia	added
https://www.workatastartup.com/jobs/74335	2026-06-01	yc_websearch	Founding Engineer	Stamp	added
https://www.workatastartup.com/jobs/71705	2026-06-01	yc_websearch	Full-Stack Engineer - New Grad	Stably AI	skipped_title
https://www.workatastartup.com/jobs/76659	2026-06-01	yc_websearch	Full-Stack Engineer Intern	ThirdLayer	skipped_title
https://cutshort.io/job/Senior-React-Native-Developer-Pune-Hyderabad-Envisionard-tPGsr3ja	2026-06-01	cutshort_websearch	Senior React Native Developer	Envisionard	added
https://cutshort.io/job/Senior-Software-Developer-Engineer-Full-stack-Pune-StarApps-Studio-xTgPND4h	2026-06-01	cutshort_websearch	Senior Software Developer Engineer (Full-stack)	StarApps Studio	added
https://cutshort.io/job/Senior-React-Native-Developer-Mumbai-WONDRx-Hl6boWye	2026-06-01	cutshort_websearch	Senior React Native Developer	WONDRx	added
https://weworkremotely.com/remote-jobs/locally-full-stack-engineer	2026-06-01	weworkremotely_websearch	Full-Stack Engineer	Locally	added
https://weworkremotely.com/remote-jobs/companycam-senior-software-engineer-react-react-native	2026-06-01	weworkremotely_websearch	Senior Software Engineer (React/React Native)	CompanyCam	added
https://weworkremotely.com/listings/evolute-cx-gmbh-senior-full-stack-developer-react-native-node-js-typescript	2026-06-01	weworkremotely_websearch	Senior Full-Stack Developer (React Native / Node.js / TypeScript)	Evolute CX GmbH	added
https://himalayas.app/companies/appevolve/jobs/sr-react-native-developer-full-wfh	2026-06-01	himalayas_websearch	Sr. React Native Developer (Full WFH)	AppEvolve	added
https://remotive.com/remote/jobs/software-development/full-stack-developer-4145340	2026-06-01	remotive_websearch	Full Stack Developer	MVST	added
https://remotive.com/remote/jobs/software-development/senior-react-native-engineer-team-lead-patient-squad-4305466	2026-06-01	remotive_websearch	Senior React Native Engineer & Team Lead	Caspar Health	added
https://remotive.com/remote/jobs/software-development/senior-fullstack-engineer-4141418	2026-06-01	remotive_websearch	Senior Fullstack Engineer	Feeld	added
https://job-boards.greenhouse.io/inmobi/jobs/7790061	2026-06-04	greenhouse_api	SDE II - Senior Software Engineer	InMobi	added
https://job-boards.greenhouse.io/inmobi/jobs/7957398	2026-06-04	greenhouse_api	SalesForce Administrator	InMobi	skipped_title
https://jobs.ashbyhq.com/mobilefirst/e00778da-159c-49f2-8c78-9e4b9cf1425e	2026-06-04	ashby_websearch	Senior React Native Engineer	The Mobile-First Company	added
https://jobs.ashbyhq.com/campus/68370ad5-3e9e-4438-8233-64d461f1b8d4	2026-06-04	ashby_websearch	Senior Mobile Engineer - React Native	Campus	added
https://jobs.ashbyhq.com/montu-uk/b85bfbe1-9a69-4038-8ccf-d92b98b44813	2026-06-04	ashby_websearch	Senior Full Stack Engineer (Backend)	Montu UK	added
https://jobs.ashbyhq.com/novellia/b340dbe7-f6d4-49ec-94d1-b602a9939101	2026-06-04	ashby_websearch	Senior Fullstack Software Engineer	Novellia	added
https://job-boards.greenhouse.io/canonicaljobs/jobs/7131511	2026-06-04	greenhouse_websearch	Web Frontend Engineer - JS, CSS, React, Flutter	Canonical	added
https://job-boards.greenhouse.io/momence/jobs/4538359005	2026-06-04	greenhouse_websearch	Mobile Engineer (React Native)	Momence	added
https://job-boards.greenhouse.io/rootstrap/jobs/4683226008	2026-06-04	greenhouse_websearch	Ssr Flutter Developer	Rootstrap	added
https://job-boards.greenhouse.io/usenourish/jobs/5011452008	2026-06-04	greenhouse_websearch	Senior Full Stack Engineer	Nourish	added
https://job-boards.greenhouse.io/able/jobs/8390834002	2026-06-04	greenhouse_websearch	Senior Software Engineer (Full-Stack)	Able	added
https://jobs.lever.co/oowlish/b3850218-29eb-4753-9f5b-d06e4e8dbf3a	2026-06-04	lever_websearch	Senior Mobile Engineer (React Native & TypeScript)	Oowlish Technology	added
https://jobs.lever.co/oowlish/62a3cf11-8174-4787-8688-6ce9aa17be48	2026-06-04	lever_websearch	Senior Full Stack Engineer (React / Next.js / React Native)	Oowlish Technology	added
https://jobs.lever.co/smart-working-solutions/75c35c7a-4354-434b-897a-f8b6fcab40f1	2026-06-04	lever_websearch	Senior Full Stack Engineer (React, Typescript, Node.js)	Smart Working Solutions	added
https://wellfound.com/jobs/1889517-sr-lead-full-stack-developer-to-help-millions-across-the-country-100-remote	2026-06-04	wellfound_websearch	Sr.-Lead Full Stack Developer	Softrams	added
https://wellfound.com/jobs/3139084-fullstack-developer	2026-06-04	wellfound_websearch	Fullstack Developer	AllVoices	added
https://www.workatastartup.com/jobs/73410	2026-06-04	yc_websearch	Senior Fullstack Engineer	Helpcare AI	added
https://www.workatastartup.com/jobs/87527	2026-06-04	yc_websearch	Software Engineer (React Native / Node.js)	Blissway	added
https://www.instahyre.com/job-119673-senior-react-native-developer-at-avegen-pune/	2026-06-04	instahyre_websearch	Senior React Native Developer	Avegen	added
https://www.instahyre.com/job-111963-senior-software-engineer-android-at-nurture-bangalore/	2026-06-04	instahyre_websearch	Senior Software Engineer - Android	nurture.farm	added
https://remotive.com/remote/jobs/software-development/senior-full-stack-engineer-4498903	2026-06-04	remotive_websearch	Senior Full Stack Engineer	Coding Partners	added
https://remotive.com/remote/jobs/software-development/senior-full-stack-engineer-react-node-js-4457901	2026-06-04	remotive_websearch	Senior Full Stack Engineer - React & Node.js	Encora	added
https://weworkremotely.com/remote-jobs/shiftforce-llc-full-stack-developer-net-react-azure-remote-us	2026-06-04	weworkremotely_websearch	Full-Stack Developer (.NET + React + Azure)	ShiftForce LLC	skipped_title
https://job-boards.greenhouse.io/postman/jobs/7767101003	2026-06-10	greenhouse_api	Senior Software Engineer - Fern	Postman	added
https://job-boards.greenhouse.io/postman/jobs/7767126003	2026-06-10	greenhouse_api	Staff Software Engineer - Fern	Postman	added
https://job-boards.greenhouse.io/inmobi/jobs/7956882	2026-06-10	greenhouse_api	SDE 2	InMobi	added
https://job-boards.greenhouse.io/inmobi/jobs/7744343	2026-06-10	greenhouse_api	SDE II - Senior Engineer	InMobi	added
https://careers.duolingo.com/jobs/8584012002	2026-06-10	greenhouse_api	Senior Software Engineer, Backend	Duolingo	added
https://careers.duolingo.com/jobs/8583977002	2026-06-10	greenhouse_api	Senior Software Engineer, Backend	Duolingo	added
https://job-boards.greenhouse.io/intercom/jobs/7982566	2026-06-10	greenhouse_api	Forward Deployed Software Engineer	Intercom	added
https://job-boards.greenhouse.io/postman/jobs/7762102003	2026-06-10	greenhouse_api	Senior Engineer - Fabric Gateway	Postman	skipped_title
https://job-boards.greenhouse.io/inmobi/jobs/7975796	2026-06-10	greenhouse_api	Account Manager - Johannesburg	InMobi	skipped_title
https://careers.duolingo.com/jobs/8584465002	2026-06-10	greenhouse_api	Senior Director of Engineering, New Subjects	Duolingo	skipped_title
https://careers.duolingo.com/jobs/8583896002	2026-06-10	greenhouse_api	Senior AI Engineering Manager	Duolingo	skipped_title
https://careers.duolingo.com/jobs/8583866002	2026-06-10	greenhouse_api	Senior AI Engineering Manager	Duolingo	skipped_title
https://job-boards.greenhouse.io/moovx/jobs/4507184005	2026-06-10	greenhouse_websearch	Sr. Flutter Developer	Moovx	added
https://job-boards.greenhouse.io/poppulo/jobs/6824055	2026-06-10	greenhouse_websearch	Senior Software Engineer - Full Stack	Poppulo	added
https://job-boards.greenhouse.io/topsteptrader/jobs/7737871003	2026-06-10	greenhouse_websearch	Senior Fullstack Engineer - TypeScript	Topstep	added
https://job-boards.greenhouse.io/nubank/jobs/7863752	2026-06-10	greenhouse_websearch	Lead Mobile Software Engineer	Nubank	added
https://job-boards.greenhouse.io/hs/jobs/6563643	2026-06-10	greenhouse_websearch	Senior Flutter Engineer	Headspace	added
https://jobs.ashbyhq.com/grai/cf2f899f-7f57-454d-a496-ec824d5e5fd3	2026-06-10	ashby_websearch	Fullstack TypeScript Engineer (Contractor)	GRAI Inc.	added
https://jobs.ashbyhq.com/agility.io/2320547b-218a-4730-8c43-b55a85819c6b	2026-06-10	ashby_websearch	Senior Full Stack Developer	Agility IO	added
https://jobs.ashbyhq.com/astra/6664545a-652e-477e-be12-9a7e8d32f06b	2026-06-10	ashby_websearch	Senior Fullstack Engineer	Astra	added
https://jobs.ashbyhq.com/forma/784e832f-2479-4a58-bde4-3e3ef01888ef	2026-06-10	ashby_websearch	Senior Software Engineer (TypeScript/NestJS)	Forma	added
https://jobs.lever.co/canarytechnologies/0494cddc-3bed-4ec6-8b79-6cfa24120e44	2026-06-10	lever_websearch	Senior Mobile Engineer	Canary Technologies	added
https://jobs.lever.co/canarytechnologies/9a872e88-2268-4d3b-b027-679625bb03ad	2026-06-10	lever_websearch	Senior Mobile SDK Engineer	Canary Technologies	added
https://jobs.lever.co/bounteous/ebeea19d-351c-45d9-b368-262cea406a07	2026-06-10	lever_websearch	Senior React Native Developer	Bounteous	added
https://jobs.lever.co/koombea/3d790171-bcfe-4912-aa76-2cf47ef46018	2026-06-10	lever_websearch	Senior React Native Developer	Koombea	added
https://jobs.lever.co/jobgether/a7bdd951-d68a-4de2-a449-a67c0a073a7a	2026-06-10	lever_websearch	Senior Flutter Developer (Cupid Media)	Jobgether	added
https://jobs.lever.co/jobgether/b9b03c75-a671-4c2a-9b89-d4655364ce2a	2026-06-10	lever_websearch	Senior Mobile Engineer	Jobgether	added
https://jobs.lever.co/jobgether/74b6da1b-856c-489f-872a-50ffde39dd4a	2026-06-10	lever_websearch	Senior React Native Engineer	Jobgether	added
https://jobs.lever.co/happyco/daf2b693-7574-4264-87a9-17e57fc72bc8	2026-06-10	lever_websearch	Senior Mobile Engineer (Flutter)	HappyCo	added
https://jobs.lever.co/oowlish/9a510c99-c644-49e7-ba3e-5ccd10bffd9a	2026-06-10	lever_websearch	Senior Full Stack Engineer (React / Next.js / React Native)	Oowlish Technology	added
https://jobs.lever.co/FlatironsDevelopment/e3eb1f9c-d1fe-4a2f-b44d-5672f516102c	2026-06-10	lever_websearch	Senior React Native / React Engineer	Flatirons	added
https://jobs.lever.co/jobgether/f30a6082-017a-43f2-9b0d-29625f89083e	2026-06-10	lever_websearch	Sr. Full Stack Developer	Jobgether	added
https://weworkremotely.com/remote-jobs/proxify-ab-senior-flutter-developer-2	2026-06-10	weworkremotely_websearch	Senior Flutter Developer	Proxify AB	added
https://weworkremotely.com/remote-jobs/g2i-inc-senior-react-developer	2026-06-10	weworkremotely_websearch	Senior React Developer	G2i Inc.	added
https://weworkremotely.com/remote-jobs/float-senior-mobile-engineer-ios-and-android-1	2026-06-10	weworkremotely_websearch	Senior Mobile Engineer (iOS and Android)	Float	added
https://weworkremotely.com/remote-jobs/trustworthy-senior-react-native-engineer-1	2026-06-10	weworkremotely_websearch	Senior React Native Engineer	Trustworthy	added
https://weworkremotely.com/remote-jobs/axios-senior-react-native-engineer	2026-06-10	weworkremotely_websearch	Senior React Native Engineer	Axios	added
https://weworkremotely.com/remote-jobs/companycam-senior-mobile-developer	2026-06-10	weworkremotely_websearch	Senior Mobile Developer	CompanyCam	added
https://remotive.com/remote/jobs/software-development/senior-mobile-developer-4340227	2026-06-10	remotive_websearch	Senior Mobile Developer	Teamified	added
https://remotive.com/remote/jobs/software-development/senior-mobile-developer-4708449	2026-06-10	remotive_websearch	Senior Mobile Developer	Abstra	added
https://remotive.com/remote/jobs/software-development/senior-react-native-engineer-4457513	2026-06-10	remotive_websearch	Senior React Native Engineer	Ciklum	added
https://remotive.com/remote/jobs/software-development/senior-react-native-developer-4726914	2026-06-10	remotive_websearch	Senior React Native Developer	BrightOrder Inc.	added
https://himalayas.app/companies/valor-software/jobs/senior-flutter-developer-6257184329	2026-06-10	himalayas_websearch	Senior Flutter Developer	Valor Software	added
https://www.instahyre.com/job-297287-flutter-developer-at-havells-india-bangalore/	2026-06-10	instahyre_websearch	Flutter Developer	Havells India	added
https://www.instahyre.com/job-366745-mobile-application-developer-android-ios-plus-flutter-at-bigbasket-bangalore/	2026-06-10	instahyre_websearch	Mobile Application Developer - Android/iOS+Flutter	Bigbasket	added
https://www.instahyre.com/job-254006-flutter-developer-at-amazon-bangalore/	2026-06-10	instahyre_websearch	Flutter Developer	Amazon	added
https://www.instahyre.com/job-90869-senior-mobile-app-developer-at-skylo-technologies-bangalore/	2026-06-10	instahyre_websearch	Senior Mobile App Developer	Skylo Technologies	added
https://www.instahyre.com/job-335540-senior-flutter-developer-at-smartq-bangalore/	2026-06-10	instahyre_websearch	Senior Flutter Developer	SmartQ	added
https://www.instahyre.com/job-422569-full-stack-engineer-at-snabbit-bangalore/	2026-06-10	instahyre_websearch	Full Stack Engineer	Snabbit	added
https://cutshort.io/job/Senior-Android-Engineer-NCR-Delhi-Gurgaon-Noida-Shuttl-ixc6BEX3	2026-06-10	cutshort_websearch	Senior Android Engineer	Shuttl	added
